{
  "episode": 1,
  "experiences_count": 16,
  "experiences": [
    {
      "state": [
        0.51150894,
        0.5424955,
        0,
        0,
        1,
        0,
        0,
        0,
        1,
        0,
        0,
        0,
        1,
        0,
        0,
        0,
        1,
        0,
        0,
        1,
        0,
        0
      ],
      "action": 7,
      "reward": -1,
      "next_state": [
        0.51150894,
        0.5424955,
        0,
        0,
        1,
        0,
        0,
        0,
        1,
        0,
        0,
        0,
        1,
        0,
        0,
        0,
        1,
        0,
        0,
        1,
        0,
        0
      ],
      "done": false
    },
    {
      "state": [
        0.51150894,
        0.5424955,
        0,
        0,
        1,
        0,
        0,
        0,
        1,
        0,
        0,
        0,
        1,
        0,
        0,
        0,
        1,
        0,
        0,
        1,
        0,
        0
      ],
      "action": 1,
      "reward": -1,
      "next_state": [
        0.51150894,
        0.5424955,
        0,
        0,
        1,
        0,
        0,
        0,
        1,
        0,
        0,
        0,
        1,
        0,
        0,
        0,
        1,
        0,
        0,
        1,
        0,
        0
      ],
      "done": false
    },
    {
      "state": [
        0.51150894,
        0.5424955,
        0,
        0,
        1,
        0,
        0,
        0,
        1,
        0,
        0,
        0,
        1,
        0,
        0,
        0,
        1,
        0,
        0,
        1,
        0,
        0
      ],
      "action": 9,
      "reward": -1,
      "next_state": [
        0.51150894,
        0.5424955,
        0,
        0,
        1,
        0,
        0,
        0,
        1,
        0,
        0,
        0,
        1,
        0,
        0,
        0,
        1,
        0,
        0,
        1,
        0,
        0
      ],
      "done": false
    },
    {
      "state": [
        0.51150894,
        0.5424955,
        0,
        0,
        1,
        0,
        0,
        0,
        1,
        0,
        0,
        0,
        1,
        0,
        0,
        0,
        1,
        0,
        0,
        1,
        0,
        0
      ],
      "action": 9,
      "reward": -1,
      "next_state": [
        0.51150894,
        0.5424955,
        0,
        0,
        0.5548319,
        0.6905856,
        -0.31270555,
        0.4583162,
        1,
        0,
        0,
        0,
        1,
        0,
        0,
        0,
        1,
        0,
        0,
        1,
        0,
        0
      ],
      "done": false
    },
    {
      "state": [
        0.51150894,
        0.5424955,
        0,
        0,
        0.5548319,
        0.6905856,
        -0.31270555,
        0.4583162,
        1,
        0,
        0,
        0,
        1,
        0,
        0,
        0,
        1,
        0,
        0,
        1,
        0,
        0
      ],
      "action": 8,
      "reward": -1,
      "next_state": [
        0.51150894,
        0.5424955,
        0,
        0,
        0.51358193,
        0.6905858,
        -0.28945708,
        0.42424163,
        1,
        0,
        0,
        0,
        1,
        0,
        0,
        0,
        1,
        0,
        0,
        1,
        0,
        0
      ],
      "done": false
    },
    {
      "state": [
        0.51150894,
        0.5424955,
        0,
        0,
        0.51358193,
        0.6905858,
        -0.28945708,
        0.42424163,
        1,
        0,
        0,
        0,
        1,
        0,
        0,
        0,
        1,
        0,
        0,
        1,
        0,
        0
      ],
      "action": 8,
      "reward": -1,
      "next_state": [
        0.51150894,
        0.5424955,
        0,
        0,
        0.47233188,
        0.69058603,
        -0.26620865,
        0.3901671,
        1,
        0,
        0,
        0,
        1,
        0,
        0,
        0,
        1,
        0,
        0,
        1,
        0,
        0
      ],
      "done": false
    },
    {
      "state": [
        0.51150894,
        0.5424955,
        0,
        0,
        0.47233188,
        0.69058603,
        -0.26620865,
        0.3901671,
        1,
        0,
        0,
        0,
        1,
        0,
        0,
        0,
        1,
        0,
        0,
        1,
        0,
        0
      ],
      "action": 0,
      "reward": 1,
      "next_state": [
        0.51150894,
        0.5424955,
        0,
        0,
        0.43108186,
        0.69058627,
        -0.2429602,
        0.35609254,
        1,
        0,
        0,
        0,
        1,
        0,
        0,
        0,
        1,
        0,
        0,
        1,
        0,
        0
      ],
      "done": false
    },
    {
      "state": [
        0.51150894,
        0.5424955,
        0,
        0,
        0.43108186,
        0.69058627,
        -0.2429602,
        0.35609254,
        1,
        0,
        0,
        0,
        1,
        0,
        0,
        0,
        1,
        0,
        0,
        1,
        0,
        0
      ],
      "action": 4,
      "reward": -1,
      "next_state": [
        0.51150894,
        0.5424955,
        0,
        0,
        0.3860818,
        0.6905866,
        -0.21759826,
        0.31892028,
        1,
        0,
        0,
        0,
        1,
        0,
        0,
        0,
        0.794329,
        0.22544189,
        -0.33041784,
        1,
        0,
        0
      ],
      "done": false
    },
    {
      "state": [
        0.51150894,
        0.5424955,
        0,
        0,
        0.3860818,
        0.6905866,
        -0.21759826,
        0.31892028,
        1,
        0,
        0,
        0,
        1,
        0,
        0,
        0,
        0.794329,
        0.22544189,
        -0.33041784,
        1,
        0,
        0
      ],
      "action": 7,
      "reward": -1,
      "next_state": [
        0.51150894,
        0.5424955,
        0,
        0,
        0.34108177,
        0.69058704,
        -0.19223633,
        0.28174806,
        1,
        0,
        0,
        0,
        1,
        0,
        0,
        0,
        0.3143295,
        0.22544189,
        -0.33041784,
        1,
        0,
        0
      ],
      "done": false
    },
    {
      "state": [
        0.51150894,
        0.5424955,
        0,
        0,
        0.34108177,
        0.69058704,
        -0.19223633,
        0.28174806,
        1,
        0,
        0,
        0,
        1,
        0,
        0,
        0,
        0.3143295,
        0.22544189,
        -0.33041784,
        1,
        0,
        0
      ],
      "action": 2,
      "reward": -51,
      "next_state": [
        0.51150894,
        0.5424955,
        0,
        0,
        0.30358174,
        0.6905875,
        -0.17110138,
        0.25077116,
        1.1121231,
        -0.17750634,
        0.9436362,
        -0.588531,
        1,
        0,
        0,
        0,
        1,
        0,
        0,
        1,
        0,
        0
      ],