{
  "config": {
    "learning_rate": 0.002,
    "discount_factor": 0.99,
    "exploration_rate": 0.3,
    "batch_size": 32,
    "hidden_layer_size": 128,
    "action_space_size": 3,
    "state_space_size": 20
  },
  "q_values": [
    [
      -4.1978955,
      -4.7709312,
      -0.5058336,
      -0.086251475,
      -1.7698236,
      0.2697655,
      -0.61163265,
      0.0532283,
      0.5737161,
      0.93702,
      0,
      0,
      0,
      -3.0672061,
      -3.1299343,
      0,
      0,
      0,
      0,
      0
    ],
    [
      -4.8248816,
      -5.1718135,
      0.0088579655,
      0.10741761,
      -1.5929996,
      0.21217781,
      -0.09742739,
      0.4377673,
      -0.18248732,
      0.49291337,
      0,
      0,
      0,
      -2.972974,
      -2.9490347,
      0,
      0,
      0,
      0,
      0
    ],
    [
      -1.6267866,
      -1.6375207,
      -0.31674778,
      -0.33272433,
      -0.8810743,
      -0.19067392,
      0.012244028,
      0.013423324,
      0.00450046,
      0.11807363,
      0,
      0,
      0,
      -1.3908668,
      -1.2756351,
      0,
      0,
      0,
      0,
      0
    ]
  ],
  "export_date": "2025-11-08T16:13:37.9383129Z",
  "metrics": {
    "episodes_processed": 0,
    "experiences_processed": 926,
    "average_episode_reward": 0,
    "average_value_loss": 950.421
  }
}