{
  "config": {
    "learning_rate": 0.002,
    "discount_factor": 0.99,
    "exploration_rate": 0.3,
    "batch_size": 32,
    "hidden_layer_size": 128,
    "action_space_size": 3,
    "state_space_size": 20
  },
  "q_values": [
    [
      -6.645053,
      -7.503382,
      -0.27045435,
      0.103390716,
      -2.485579,
      0.93929356,
      0.56131905,
      0.101260215,
      0.642331,
      1.8853961,
      0,
      0,
      0,
      -3.8038237,
      -4.762924,
      0,
      0,
      0,
      0,
      0
    ],
    [
      -6.811173,
      -7.472937,
      -0.3168894,
      0.05263269,
      -2.8156343,
      -0.2865149,
      -0.12396723,
      0.6374756,
      -0.20915069,
      0.96428823,
      0,
      0,
      0,
      -4.3572326,
      -4.64153,
      0,
      0,
      0,
      0,
      0
    ],
    [
      -7.265337,
      -7.513257,
      -0.45958698,
      0.12421299,
      -3.582573,
      -0.9110192,
      0.6732525,
      0.064110726,
      -0.008106246,
      1.2307261,
      0,
      0,
      0,
      -5.144262,
      -5.088057,
      0,
      0,
      0,
      0,
      0
    ]
  ],
  "export_date": "2025-11-08T16:13:46.2931955Z",
  "metrics": {
    "episodes_processed": 0,
    "experiences_processed": 2163,
    "average_episode_reward": 0,
    "average_value_loss": 587.807
  }
}