{
  "config": {
    "learning_rate": 0.002,
    "discount_factor": 0.99,
    "exploration_rate": 0.3,
    "batch_size": 32,
    "hidden_layer_size": 128,
    "action_space_size": 3,
    "state_space_size": 20
  },
  "q_values": [
    [
      -4.4682493,
      -4.9342375,
      -0.51817614,
      -0.100687526,
      -1.822636,
      0.4335541,
      -0.6634682,
      -0.03239396,
      0.6237732,
      1.1175442,
      0,
      0,
      0,
      -3.0486412,
      -3.3264108,
      0,
      0,
      0,
      0,
      0
    ],
    [
      -4.8799086,
      -5.414905,
      0.05178386,
      0.24988125,
      -1.5885229,
      0.3081811,
      -0.068232924,
      0.44309208,
      -0.12146457,
      0.5970881,
      0,
      0,
      0,
      -2.9470181,
      -2.9912975,
      0,
      0,
      0,
      0,
      0
    ],
    [
      -5.5413666,
      -5.3059483,
      -0.3226345,
      -0.51951367,
      -2.5387845,
      -1.2558843,
      0.28595608,
      -0.18786334,
      0.35181913,
      0.6408815,
      0,
      0,
      0,
      -4.1025786,
      -3.8199008,
      0,
      0,
      0,
      0,
      0
    ]
  ],
  "export_date": "2025-11-08T16:13:40.9715140Z",
  "metrics": {
    "episodes_processed": 0,
    "experiences_processed": 1366,
    "average_episode_reward": 0,
    "average_value_loss": 781.4204
  }
}