{
  "config": {
    "learning_rate": 0.002,
    "discount_factor": 0.99,
    "exploration_rate": 0.3,
    "batch_size": 32,
    "hidden_layer_size": 128,
    "action_space_size": 9,
    "state_space_size": 20
  },
  "q_values": [
    [
      -7.125423,
      -8.678251,
      -0.97471565,
      0.36568603,
      -2.5302308,
      -0.5266924,
      0.20460288,
      -0.06491682,
      0.91524553,
      2.1455028,
      0,
      0,
      0,
      -5.0793395,
      -5.373953,
      0,
      0,
      0,
      0,
      0
    ],
    [
      -2.8648403,
      -2.4801357,
      -0.23414528,
      -0.49894574,
      -1.340526,
      -0.193761,
      -0.29265255,
      -0.0833334,
      -0.23835039,
      -0.11034489,
      0,
      0,
      0,
      -2.1186197,
      -1.6930882,
      0,
      0,
      0,
      0,
      0
    ],
    [
      -2.4306216,
      -2.2360506,
      -0.5472068,
      -0.3182773,
      -1.3810313,
      -0.17325082,
      0.28871697,
      0.11203888,
      -0.15267381,
      0.19108924,
      0,
      0,
      0,
      -1.9783121,
      -1.8542657,
      0,
      0,
      0,
      0,
      0
    ],
    [
      -8.248803,
      -9.289471,
      0.48337626,
      1.0157777,
      -2.3048644,
      -0.15003116,
      -1.0216756,
      0.9145129,
      -0.01724903,
      1.4768628,
      0,
      0,
      0,
      -4.301681,
      -5.4092793,
      0,
      0,
      0,
      0,
      0
    ],
    [
      -6.500951,
      -7.430207,
      -0.21127963,
      0.36961734,
      -3.1281142,
      0.04452209,
      0.27884147,
      -0.3697026,
      0.78473884,
      1.4757906,
      0,
      0,
      0,
      -4.455215,
      -4.533375,
      0,
      0,
      0,
      0,
      0
    ],
    [
      -3.7496383,
      -4.050804,
      -0.32017633,
      0.15119162,
      -1.88234,
      -1.1323742,
      1.3768643,
      0.13403422,
      0.09594673,
      0.20167221,
      0,
      0,
      0,
      -2.8660388,
      -2.4064252,
      0,
      0,
      0,
      0,
      0
    ],
    [
      -2.9053714,
      -3.6240964,
      -0.7292103,
      -0.04718151,
      -1.2718285,
      0.4192376,
      0.18327782,
      -0.04931299,
      0.080889106,
      0.18095979,
      0,
      0,
      0,
      -2.5004709,
      -2.2342262,
      0,
      0,
      0,
      0,
      0
    ],
    [
      -5.992605,
      -5.850113,
      0.37512943,
      0.29728654,
      -2.9596744,
      -0.5273429,
      0.85249996,
      0.72695684,
      -0.48623487,
      1.3016758,
      0,
      0,
      0,
      -3.0798905,
      -3.8328316,
      0,
      0,
      0,
      0,
      0
    ],
    [
      -6.5961943,
      -7.2639904,
      -0.121189415,
      -0.00040096045,
      -2.911303,
      1.4514784,
      1.2218219,
      0.23109113,
      -0.1496277,
      1.9734656,
      0,
      0,
      0,
      -3.7774942,
      -5.001917,
      0,
      0,
      0,
      0,
      0
    ]
  ],
  "export_date": "2025-11-08T16:13:46.2916543Z",
  "metrics": {
    "episodes_processed": 0,
    "experiences_processed": 2163,
    "average_episode_reward": 0,
    "average_value_loss": 3170.7917
  }
}