{
  "config": {
    "learning_rate": 0.002,
    "discount_factor": 0.99,
    "exploration_rate": 0.3,
    "batch_size": 32,
    "hidden_layer_size": 128,
    "action_space_size": 9,
    "state_space_size": 20
  },
  "q_values": [
    [
      -6.825273,
      -8.413389,
      -1.0156084,
      0.27288744,
      -2.6161542,
      0.05120805,
      0.04100205,
      -0.109992124,
      0.8758475,
      1.7687683,
      0,
      0,
      0,
      -5.2295804,
      -5.0442405,
      0,
      0,
      0,
      0,
      0
    ],
    [
      -1.0639917,
      -1.0239905,
      -0.3046721,
      -0.36653632,
      -0.5311172,
      0.04390712,
      -0.3873709,
      -0.08212055,
      -0.12914214,
      -0.030771168,
      0,
      0,
      0,
      -1.0417005,
      -0.78848,
      0,
      0,
      0,
      0,
      0
    ],
    [
      -1.2205812,
      -1.39605,
      -0.4043292,
      -0.084644586,
      -0.8574581,
      0.19155791,
      -0.14539663,
      0.022817804,
      -0.022555288,
      -0.012907863,
      0,
      0,
      0,
      -1.1639173,
      -1.0450552,
      0,
      0,
      0,
      0,
      0
    ],
    [
      -7.639953,
      -8.248428,
      0.67955965,
      0.73580956,
      -2.0060043,
      0.1466865,
      -1.3400196,
      0.96250945,
      -0.0028749534,
      1.1152754,
      0,
      0,
      0,
      -3.9507444,
      -4.6634855,
      0,
      0,
      0,
      0,
      0
    ],
    [
      -0.7735341,
      -0.9235743,
      -0.16740933,
      -0.20034246,
      -0.4931651,
      -0.2963125,
      0.19161956,
      0.05412224,
      0.12882316,
      0.008158698,
      0,
      0,
      0,
      -0.6503888,
      -0.5517036,
      0,
      0,
      0,
      0,
      0
    ],
    [
      -1.0971313,
      -0.8554345,
      0.061978154,
      -0.21602458,
      -0.3779526,
      0.14431888,
      -0.005851624,
      0.04803119,
      -0.020474588,
      0.06179004,
      0,
      0,
      0,
      -0.82694936,
      -0.5701045,
      0,
      0,
      0,
      0,
      0
    ],
    [
      -1.1404742,
      -1.5090935,
      -0.22889787,
      0.020746615,
      -0.4679763,
      0.4972295,
      0.6877498,
      -0.0343833,
      0.024252357,
      0.11022495,
      0,
      0,
      0,
      -0.9781938,
      -0.9880426,
      0,
      0,
      0,
      0,
      0
    ],
    [
      -1.2087115,
      -0.85873556,
      -0.12367216,
      -0.38242918,
      -0.71002984,
      0.25505623,
      -0.09086521,
      0.037277818,
      -0.034023747,
      0.051893413,
      0,
      0,
      0,
      -0.88749003,
      -0.79769456,
      0,
      0,
      0,
      0,
      0
    ],
    [
      -1.0677385,
      -0.9901275,
      -0.23825596,
      -0.16649988,
      -0.76789236,
      -0.2968014,
      -0.35047165,
      0.0739109,
      0.068165585,
      0.027490187,
      0,
      0,
      0,
      -0.81099904,
      -0.8031269,
      0,
      0,
      0,
      0,
      0
    ]
  ],
  "export_date": "2025-11-08T16:13:36.9839898Z",
  "metrics": {
    "episodes_processed": 0,
    "experiences_processed": 926,
    "average_episode_reward": 0,
    "average_value_loss": 4080.2327
  }
}