{
  "config": {
    "learning_rate": 0.002,
    "discount_factor": 0.99,
    "exploration_rate": 0.3,
    "batch_size": 32,
    "hidden_layer_size": 128,
    "action_space_size": 9,
    "state_space_size": 20
  },
  "q_values": [
    [
      -6.7917953,
      -8.429267,
      -1.073821,
      0.32588178,
      -2.5128334,
      -0.28756177,
      -0.27497166,
      -0.1282803,
      0.9926837,
      2.0140514,
      0,
      0,
      0,
      -4.971643,
      -5.1894274,
      0,
      0,
      0,
      0,
      0
    ],
    [
      -2.5037313,
      -2.2559397,
      -0.25800854,
      -0.4555166,
      -1.1773365,
      -0.1996466,
      -0.2425983,
      -0.09155291,
      -0.23388624,
      -0.12534745,
      0,
      0,
      0,
      -1.8776006,
      -1.510844,
      0,
      0,
      0,
      0,
      0
    ],
    [
      -2.2880833,
      -2.160761,
      -0.48873034,
      -0.39111948,
      -1.2184607,
      -0.18135148,
      -0.045617323,
      0.04748691,
      -0.06027579,
      -0.0015123432,
      0,
      0,
      0,
      -1.7922035,
      -1.7506422,
      0,
      0,
      0,
      0,
      0
    ],
    [
      -8.20617,
      -9.094072,
      0.534135,
      0.87560844,
      -2.1766434,
      0.0392439,
      -1.1494129,
      0.9475553,
      0.044401377,
      1.3636969,
      0,
      0,
      0,
      -4.257587,
      -5.277795,
      0,
      0,
      0,
      0,
      0
    ],
    [
      -5.8971214,
      -6.09275,
      0.076528825,
      -0.20075187,
      -2.5547423,
      -0.18041256,
      0.25174364,
      -0.40535843,
      0.7246246,
      1.4432765,
      0,
      0,
      0,
      -3.8749645,
      -4.0713468,
      0,
      0,
      0,
      0,
      0
    ],
    [
      -3.2468703,
      -3.501504,
      -0.34300795,
      0.074340284,
      -1.616583,
      -1.2666738,
      1.1728343,
      0.07673646,
      0.07659337,
      0.17215878,
      0,
      0,
      0,
      -2.5042741,
      -2.0174856,
      0,
      0,
      0,
      0,
      0
    ],
    [
      -2.3436096,
      -2.7436264,
      -0.480488,
      -0.18041907,
      -0.8458882,
      0.24840449,
      0.32550904,
      -0.07956964,
      0.14706767,
      0.1354649,
      0,
      0,
      0,
      -2.0333138,
      -1.8082685,
      0,
      0,
      0,
      0,
      0
    ],
    [
      -1.7085823,
      -1.5546956,
      -0.2429871,
      -0.21670108,
      -0.8898783,
      -0.10952682,
      -0.38231766,
      -0.03364176,
      0.27112666,
      0.26160952,
      0,
      0,
      0,
      -1.2896416,
      -1.2217704,
      0,
      0,
      0,
      0,
      0
    ],
    [
      -6.5991445,
      -6.8832273,
      0.0594101,
      -0.22265056,
      -2.6769886,
      1.5335582,
      1.2965742,
      0.21988387,
      -0.12547038,
      1.8794762,
      0,
      0,
      0,
      -3.731801,
      -4.902199,
      0,
      0,
      0,
      0,
      0
    ]
  ],
  "export_date": "2025-11-08T16:13:44.9605094Z",
  "metrics": {
    "episodes_processed": 0,
    "experiences_processed": 1779,
    "average_episode_reward": 0,
    "average_value_loss": 5084.1196
  }
}