{
  "config": {
    "learning_rate": 0.002,
    "discount_factor": 0.99,
    "exploration_rate": 0.3,
    "batch_size": 32,
    "hidden_layer_size": 128,
    "action_space_size": 9,
    "state_space_size": 20
  },
  "q_values": [
    [
      -6.930643,
      -8.640854,
      -1.0327106,
      0.36718574,
      -2.6766632,
      0.07446948,
      -0.20572585,
      -0.08425967,
      0.95333767,
      1.6371256,
      0,
      0,
      0,
      -5.3719664,
      -5.115949,
      0,
      0,
      0,
      0,
      0
    ],
    [
      -0.73385525,
      -0.72890764,
      -0.26438463,
      -0.23500766,
      -0.42687598,
      0.0043238774,
      -0.29364341,
      -0.039977096,
      -0.029191053,
      -0.042416032,
      0,
      0,
      0,
      -0.7586851,
      -0.5636909,
      0,
      0,
      0,
      0,
      0
    ],
    [
      -0.6856351,
      -0.44132325,
      0.028035883,
      -0.15826109,
      -0.33843493,
      0.10141096,
      -0.25312144,
      -0.0057912907,
      0.0013176927,
      0.3016739,
      0,
      0,
      0,
      -0.22224559,
      -0.56764764,
      0,
      0,
      0,
      0,
      0
    ],
    [
      -0.28087384,
      -0.26455218,
      -0.054092314,
      -0.088103294,
      -0.12182261,
      0.30726898,
      0.053447675,
      0.042975944,
      0.093606114,
      0.10489909,
      0,
      0,
      0,
      -0.08374997,
      -0.16737542,
      0,
      0,
      0,
      0,
      0
    ],
    [
      -0.4577203,
      -0.49271664,
      -0.04605262,
      -0.18064997,
      -0.24777527,
      -0.20074986,
      -0.0016731769,
      0.09555165,
      0.164821,
      0.05781494,
      0,
      0,
      0,
      -0.39260677,
      -0.32716963,
      0,
      0,
      0,
      0,
      0
    ],
    [
      -0.6095728,
      -0.5887605,
      0.13036542,
      -0.047254764,
      -0.1992843,
      -0.05129681,
      -0.04399457,
      0.032196507,
      -0.0038860154,
      0.020187717,
      0,
      0,
      0,
      -0.4056806,
      -0.3079996,
      0,
      0,
      0,
      0,
      0
    ],
    [
      -0.36503434,
      -0.5063728,
      -0.12776141,
      -0.048197407,
      -0.15375586,
      0.15387824,
      0.29335946,
      -0.07019612,
      0.072863296,
      0.00985624,
      0,
      0,
      0,
      -0.4598352,
      -0.2984107,
      0,
      0,
      0,
      0,
      0
    ],
    [
      -0.7926161,
      -0.5020119,
      -0.15535669,
      -0.35367328,
      -0.5188931,
      0.3566525,
      0.104270324,
      -0.012129623,
      -0.003648825,
      -0.0071230866,
      0,
      0,
      0,
      -0.5209842,
      -0.51158696,
      0,
      0,
      0,
      0,
      0
    ],
    [
      -0.33761325,
      -0.47189084,
      -0.08039613,
      -0.0403292,
      -0.12573612,
      0.001463745,
      -0.09923014,
      0.02903874,
      0.035995256,
      0.04789747,
      0,
      0,
      0,
      -0.39858866,
      -0.32446912,
      0,
      0,
      0,
      0,
      0
    ]
  ],
  "export_date": "2025-11-08T16:13:34.9529011Z",
  "metrics": {
    "episodes_processed": 0,
    "experiences_processed": 471,
    "average_episode_reward": 0,
    "average_value_loss": 4618.917
  }
}