{
  "config": {
    "learning_rate": 0.002,
    "discount_factor": 0.99,
    "exploration_rate": 0.3,
    "batch_size": 32,
    "hidden_layer_size": 128,
    "action_space_size": 9,
    "state_space_size": 20
  },
  "q_values": [
    [
      -6.749388,
      -8.364589,
      -1.0362588,
      0.3581944,
      -2.4744098,
      0.0651404,
      -0.06306997,
      -0.12455104,
      0.9489033,
      1.8764358,
      0,
      0,
      0,
      -5.052764,
      -5.071782,
      0,
      0,
      0,
      0,
      0
    ],
    [
      -1.8776922,
      -1.282829,
      -0.11857584,
      -0.57592535,
      -0.8277601,
      -0.0105648115,
      -0.29147553,
      -0.085137434,
      -0.19123754,
      -0.067455426,
      0,
      0,
      0,
      -1.4444249,
      -1.0751939,
      0,
      0,
      0,
      0,
      0
    ],
    [
      -1.5080085,
      -1.5642728,
      -0.35971475,
      -0.10983516,
      -0.8741514,
      0.28485224,
      -0.13657477,
      0.043779925,
      -0.013016001,
      0.054636586,
      0,
      0,
      0,
      -1.2981122,
      -1.2561717,
      0,
      0,
      0,
      0,
      0
    ],
    [
      -7.71606,
      -8.489993,
      0.6653012,
      0.9183723,
      -1.9966658,
      -0.18008837,
      -1.3896993,
      0.9397143,
      0.0196266,
      1.2112689,
      0,
      0,
      0,
      -3.9553142,
      -4.7217245,
      0,
      0,
      0,
      0,
      0
    ],
    [
      -5.4576507,
      -5.5018244,
      0.051487066,
      -0.3065745,
      -2.418535,
      0.046016663,
      0.39510822,
      -0.45146006,
      0.76034313,
      1.3842343,
      0,
      0,
      0,
      -3.4776604,
      -3.8125901,
      0,
      0,
      0,
      0,
      0
    ],
    [
      -3.087358,
      -3.1196628,
      -0.1709523,
      -0.036735885,
      -1.4118345,
      -1.2745875,
      0.8039933,
      0.066663004,
      0.06472134,
      0.1406672,
      0,
      0,
      0,
      -2.366768,
      -1.7882882,
      0,
      0,
      0,
      0,
      0
    ],
    [
      -2.0444357,
      -2.3113503,
      -0.37053382,
      -0.23934719,
      -0.7737543,
      0.29852033,
      0.31662357,
      -0.09992801,
      0.17132829,
      0.2011625,
      0,
      0,
      0,
      -1.7687837,
      -1.602116,
      0,
      0,
      0,
      0,
      0
    ],
    [
      -1.6112956,
      -1.3656299,
      -0.19486675,
      -0.28605878,
      -0.8970565,
      -0.02556237,
      -0.23540673,
      -0.0019320373,
      0.1426,
      0.20355432,
      0,
      0,
      0,
      -1.2730421,
      -1.1057497,
      0,
      0,
      0,
      0,
      0
    ],
    [
      -1.3056074,
      -1.3116018,
      -0.27396587,
      -0.19803151,
      -0.7898126,
      -0.48523954,
      -0.048608202,
      -0.009513197,
      -0.0052708853,
      -0.02624479,
      0,
      0,
      0,
      -0.88081837,
      -0.99626297,
      0,
      0,
      0,
      0,
      0
    ]
  ],
  "export_date": "2025-11-08T16:13:39.9481424Z",
  "metrics": {
    "episodes_processed": 0,
    "experiences_processed": 1366,
    "average_episode_reward": 0,
    "average_value_loss": 3669.5093
  }
}