{
  "config": {
    "learning_rate": 0.002,
    "discount_factor": 0.99,
    "exploration_rate": 0.3,
    "batch_size": 32,
    "hidden_layer_size": 128,
    "action_space_size": 3,
    "state_space_size": 20
  },
  "q_values": [
    [
      -3.7737577,
      -4.4425874,
      -0.5677749,
      -0.14884546,
      -1.6221764,
      0.37405124,
      -0.34970266,
      -0.012759243,
      0.5334374,
      0.8773807,
      0,
      0,
      0,
      -2.8675714,
      -2.8543298,
      0,
      0,
      0,
      0,
      0
    ],
    [
      -0.7883493,
      -0.8819762,
      -0.1294984,
      -0.072978914,
      -0.36670715,
      -0.044131078,
      0.29325464,
      0.024219237,
      0.05146008,
      0.0611222,
      0,
      0,
      0,
      -0.6654243,
      -0.51824236,
      0,
      0,
      0,
      0,
      0
    ],
    [
      -1.0827405,
      -0.9953355,
      -0.09827147,
      -0.21206373,
      -0.46801335,
      0.0022127014,
      -0.16591117,
      -0.018999415,
      0.018820265,
      0.0626465,
      0,
      0,
      0,
      -0.8597419,
      -0.7376889,
      0,
      0,
      0,
      0,
      0
    ]
  ],
  "export_date": "2025-11-08T16:13:34.9550943Z",
  "metrics": {
    "episodes_processed": 0,
    "experiences_processed": 471,
    "average_episode_reward": 0,
    "average_value_loss": 1137.0936
  }
}