{
  "config": {
    "learning_rate": 0.002,
    "discount_factor": 0.99,
    "exploration_rate": 0.3,
    "batch_size": 32,
    "hidden_layer_size": 128,
    "action_space_size": 3,
    "state_space_size": 20
  },
  "q_values": [
    [
      -6.505964,
      -7.458488,
      -0.332291,
      0.14702201,
      -2.4588034,
      0.7649719,
      0.67133677,
      0.031475645,
      0.6120704,
      1.8030789,
      0,
      0,
      0,
      -3.8412116,
      -4.7564077,
      0,
      0,
      0,
      0,
      0
    ],
    [
      -5.992442,
      -6.506661,
      -0.31039461,
      -0.08355723,
      -2.2522318,
      0.23983608,
      -0.9856837,
      0.54085577,
      -0.14511253,
      0.8000693,
      0,
      0,
      0,
      -3.8042123,
      -4.07784,
      0,
      0,
      0,
      0,
      0
    ],
    [
      -5.5896196,
      -5.4068666,
      -0.36291787,
      -0.43898344,
      -2.5610945,
      -1.1140406,
      0.55505395,
      -0.21782827,
      0.35900328,
      0.7558696,
      0,
      0,
      0,
      -4.27093,
      -3.8854437,
      0,
      0,
      0,
      0,
      0
    ]
  ],
  "export_date": "2025-11-08T16:13:44.9644982Z",
  "metrics": {
    "episodes_processed": 0,
    "experiences_processed": 1779,
    "average_episode_reward": 0,
    "average_value_loss": 1028.3834
  }
}