{
  "config": {
    "learning_rate": 0.001,
    "discount_factor": 0.98,
    "exploration_rate": 0.25,
    "batch_size": 128,
    "hidden_layer_size": 384,
    "action_space_size": 13,
    "state_space_size": 16
  },
  "q_values": [
    [
      -0.0004323005,
      -0.0004222715,
      -3.5981902E-05,
      -4.5719597E-05,
      -0.00012564706,
      2.6076865E-05,
      -9.125949E-05,
      5.562698E-06,
      -6.296191E-05,
      -6.873252E-05,
      -1.1939715E-05,
      -5.1032977E-05,
      -7.835176E-05,
      2.424341E-06,
      -5.5273926E-05,
      -9.218629E-05
    ],
    [
      74.19827,
      148.78453,
      2.0320086,
      -165.21729,
      -96.57304,
      4.29393,
      -16.004896,
      5.4814596,
      -207.03233,
      -99.1408,
      7.6028905,
      -144.58969,
      -86.091896,
      11.252182,
      -97.17215,
      -75.10067
    ],
    [
      -0.0003518328,
      -0.0003583787,
      -8.214528E-05,
      -6.564133E-05,
      -0.00013023395,
      1.4821953E-05,
      1.8715546E-06,
      1.1899451E-05,
      -7.751695E-05,
      -7.967456E-05,
      -2.4103761E-05,
      -5.4655808E-05,
      -7.637915E-05,
      -4.4459608E-05,
      -7.051087E-05,
      -9.6259515E-05
    ],
    [
      -0.00029570487,
      -0.0003044082,
      -6.0111466E-05,
      -6.825557E-05,
      -9.4007475E-05,
      4.313152E-06,
      -5.999161E-05,
      8.060453E-06,
      -8.09787E-05,
      -8.150806E-05,
      -1.8393002E-05,
      -7.045172E-05,
      -7.970675E-05,
      -3.7191658E-05,
      -7.3293675E-05,
      -8.2279534E-05
    ],
    [
      -0.00029570458,
      -0.00030440793,
      -6.0024482E-05,
      -7.0167065E-05,
      -9.5162795E-05,
      4.313131E-06,
      -5.9991347E-05,
      7.779712E-06,
      -8.110841E-05,
      -8.164901E-05,
      -1.786317E-05,
      -6.937764E-05,
      -7.840094E-05,
      -3.781697E-05,
      -7.327729E-05,
      -8.256825E-05
    ],
    [
      -0.00029572714,
      -0.00030443165,
      -5.998605E-05,
      -7.128318E-05,
      -9.590195E-05,
      4.313746E-06,
      -5.999795E-05,
      7.753538E-06,
      -8.039909E-05,
      -8.097622E-05,
      -1.5158824E-05,
      -7.3678326E-05,
      -8.0403384E-05,
      -4.0502713E-05,
      -6.8341156E-05,
      -7.9924124E-05
    ],
    [
      -0.00029570493,
      -0.00030440823,
      -6.006055E-05,
      -6.998773E-05,
      -9.528197E-05,
      4.3131386E-06,
      -5.999143E-05,
      8.490488E-06,
      -8.016797E-05,
      -8.0806305E-05,
      -1.5554646E-05,
      -7.4542986E-05,
      -8.138649E-05,
      -3.9739854E-05,
      -6.814824E-05,
      -7.931988E-05
    ],
    [
      -0.0003084415,
      -0.00032340034,
      -9.7491924E-05,
      -7.314096E-05,
      -0.00012268913,
      8.096195E-06,
      -2.2015283E-06,
      1.0075879E-05,
      -8.49557E-05,
      -8.59181E-05,
      -2.2582091E-05,
      -6.4466905E-05,
      -7.79276E-05,
      -5.018752E-05,
      -8.0397775E-05,
      -9.5378986E-05
    ],
    [
      -0.000288514,
      -0.00030329736,
      -9.552181E-05,
      -6.799196E-05,
      -0.00011725096,
      8.056979E-06,
      -5.671609E-09,
      9.298665E-06,
      -8.242135E-05,
      -8.310422E-05,
      -2.092494E-05,
      -6.797789E-05,
      -7.962037E-05,
      -4.6991012E-05,
      -7.608798E-05,
      -9.002187E-05
    ],
    [
      -0.00028851329,
      -0.0003032966,
      -9.552165E-05,
      -6.63909E-05,
      -0.00011633297,
      8.056981E-06,
      -4.980393E-09,
      9.776412E-06,
      -8.231831E-05,
      -8.305728E-05,
      -2.0925274E-05,
      -6.7977955E-05,
      -7.97441E-05,
      -4.6510406E-05,
      -7.530504E-05,
      -8.910978E-05
    ],
    [
      493.6086,
      992.336,
      125.88222,
      109.65553,
      -439.3338,
      19.374779,
      43.217926,
      61.920326,
      65.183525,
      125.10446,
      65.91346,
      104.85466,
      49.347164,
      103.97324,
      104.87711,
      -150.8628
    ],
    [
      -0.0004327643,
      -0.00045493897,
      -0.00013723552,
      -9.9433375E-05,
      -0.00016980109,
      1.2085433E-05,
      -4.3224172E-05,
      1.8275387E-05,
      -0.000114565846,
      -0.000116291325,
      -4.1950832E-05,
      -9.502139E-05,
      -0.00010965055,
      -4.2391348E-05,
      -0.000120904544,
      -0.00013564543
    ],
    [
      -0.00043279288,
      -0.000454969,
      -0.00013728805,
      -9.703899E-05,
      -0.00016845344,
      1.2086262E-05,
      -4.3215645E-05,
      1.8629771E-05,
      -0.00011530615,
      -0.000117049196,
      -4.133638E-05,
      -9.405362E-05,
      -0.00010879293,
      -4.2041895E-05,
      -0.00012096457,
      -0.0001355523
    ]
  ],
  "export_date": "2025-11-27T05:55:26.9948698Z",
  "metrics": {
    "episodes_processed": 0,
    "experiences_processed": 1598088750,
    "average_episode_reward": 0,
    "average_value_loss": 63.77364
  }
}