{
  "config": {
    "learning_rate": 0.001,
    "discount_factor": 0.98,
    "exploration_rate": 0.25,
    "batch_size": 128,
    "hidden_layer_size": 384,
    "action_space_size": 13,
    "state_space_size": 16
  },
  "q_values": [
    [
      6.9337635,
      6.8361,
      -0.08923849,
      1.2026179,
      1.0984216,
      0.933129,
      1.9070534,
      0.39293924,
      1.1873837,
      1.4695431,
      0.58233106,
      1.3355355,
      1.7239543,
      1.0992763,
      1.1783936,
      1.8598189
    ],
    [
      -0.00031058455,
      -0.00030475509,
      1.3442943E-05,
      -6.66814E-05,
      -8.151636E-05,
      1.4286957E-05,
      3.7710488E-06,
      -3.0619634E-05,
      -2.0096784E-05,
      -5.4582477E-05,
      -3.064512E-05,
      -2.524189E-05,
      -6.978441E-05,
      -2.451114E-05,
      -2.799264E-05,
      -7.8540514E-05
    ],
    [
      -0.00031058234,
      -0.00030475273,
      1.3912667E-05,
      -6.4912405E-05,
      -8.016339E-05,
      1.428728E-05,
      3.7718746E-06,
      -3.132415E-05,
      -2.0452211E-05,
      -5.416033E-05,
      -3.0286217E-05,
      -2.5696609E-05,
      -7.052584E-05,
      -2.3778211E-05,
      -2.7726757E-05,
      -7.929232E-05
    ],
    [
      -0.00031058243,
      -0.00030475282,
      1.4382114E-05,
      -6.3143794E-05,
      -7.882766E-05,
      1.4287348E-05,
      3.77194E-06,
      -3.2029315E-05,
      -2.0808007E-05,
      -5.378385E-05,
      -2.9285282E-05,
      -2.8561615E-05,
      -7.2306524E-05,
      -2.3688393E-05,
      -2.5051882E-05,
      -7.902978E-05
    ],
    [
      -0.00031058778,
      -0.00030475843,
      1.3534735E-05,
      -6.732157E-05,
      -8.2917504E-05,
      -4.5060027E-05,
      3.7711397E-06,
      -3.05547E-05,
      -2.3432262E-05,
      -5.2699554E-05,
      -2.967922E-05,
      -2.2209395E-05,
      -6.9554364E-05,
      -2.473284E-05,
      -2.3664848E-05,
      -8.043302E-05
    ],
    [
      -0.0003105827,
      -0.00030475305,
      1.3386549E-05,
      -6.555201E-05,
      -8.119995E-05,
      -4.505967E-05,
      3.7729988E-06,
      -3.1258453E-05,
      -2.3787208E-05,
      -5.2406554E-05,
      -2.9319392E-05,
      -2.2663535E-05,
      -7.027455E-05,
      -2.3998937E-05,
      -2.3398263E-05,
      -8.119075E-05
    ],
    [
      -0.00031058287,
      -0.0003047532,
      1.3237726E-05,
      -6.3783446E-05,
      -7.948909E-05,
      -4.5059875E-05,
      3.7731716E-06,
      -3.1963613E-05,
      -2.4143033E-05,
      -5.2186544E-05,
      -2.8961174E-05,
      -2.3118753E-05,
      -7.1001894E-05,
      -2.3266688E-05,
      -2.3132949E-05,
      -8.196618E-05
    ],
    [
      -0.00031058298,
      -0.0003047533,
      1.3088896E-05,
      -6.2014886E-05,
      -7.778412E-05,
      -4.5060075E-05,
      3.7733425E-06,
      -3.266877E-05,
      -2.4498859E-05,
      -5.2047384E-05,
      -2.8602957E-05,
      -2.3573968E-05,
      -7.173433E-05,
      -2.2534428E-05,
      -2.2867625E-05,
      -8.275641E-05
    ],
    [
      100.76688,
      174.24565,
      -16.183834,
      -115.60749,
      -67.31991,
      -0.57486767,
      -16.499846,
      -156.34724,
      -262.28137,
      -225.2258,
      -85.13768,
      -195.22061,
      -202.34222,
      -29.234074,
      -126.689705,
      -200.22296
    ],
    [
      -0.00016633346,
      -0.00015255742,
      -1.35772815E-08,
      -2.037401E-05,
      -2.0373947E-05,
      -2.9677223E-05,
      -4.9641145E-05,
      1.3065931E-05,
      6.8332256E-06,
      -1.4744815E-05,
      3.0257324E-06,
      -3.0142772E-05,
      -3.029366E-05,
      8.240413E-06,
      -3.448725E-05,
      -3.5457055E-05
    ],
    [
      -0.00016633331,
      -0.0001525573,
      -3.2272845E-07,
      -2.1293305E-05,
      -2.1295637E-05,
      -2.967714E-05,
      -4.9641007E-05,
      1.2723125E-05,
      6.660058E-06,
      -1.4360799E-05,
      2.6388816E-06,
      -2.9372695E-05,
      -2.9490466E-05,
      8.641731E-06,
      -3.51772E-05,
      -3.6222038E-05
    ],
    [
      -0.00016633315,
      -0.00015255714,
      -6.3187906E-07,
      -2.2212596E-05,
      -2.2221418E-05,
      -2.9677052E-05,
      -4.9640854E-05,
      1.2380321E-05,
      6.48689E-06,
      -1.39767835E-05,
      2.252032E-06,
      -2.8602615E-05,
      -2.8690662E-05,
      9.043048E-06,
      -3.586713E-05,
      -3.6988407E-05
    ],
    [
      1561.0854,
      2361.2607,
      225.50958,
      224.0892,
      -15363.345,
      78.78105,
      9.158371,
      118.547554,
      244.51242,
      -3234.8809,
      238.86299,
      274.60764,
      -1388.1769,
      322.30493,
      270.3368,
      -531.71027
    ]
  ],
  "export_date": "2025-11-27T17:56:06.9938050Z",
  "metrics": {
    "episodes_processed": 0,
    "experiences_processed": 49594050,
    "average_episode_reward": 0,
    "average_value_loss": 280.46027
  }
}