{
  "config": {
    "learning_rate": 0.001,
    "discount_factor": 0.98,
    "exploration_rate": 0.2,
    "batch_size": 128,
    "hidden_layer_size": 384,
    "action_space_size": 9,
    "state_space_size": 32
  },
  "q_values": [
    [
      -0.24851145,
      -0.036220573,
      -0.008369797,
      -0.02419508,
      -0.06166989,
      -0.002114941,
      -0.0077466927,
      -0.015242533,
      0.028086135,
      0.009880518,
      -0.026980557,
      -0.03040078,
      -0.074548714,
      0.013737443,
      -0.0039450107,
      -0.027875716,
      -0.035535812,
      -0.08057524,
      0.014488729,
      0.0035869682,
      -4.759812,
      -0.31113365,
      -0.9584916,
      -2.1888778,
      -0.0026241746,
      -0.004138088,
      -0.027915401,
      -0.009679055,
      -0.0020057708,
      -0.024790373,
      -0.04214668,
      -0.008635031
    ],
    [
      -0.2697175,
      0.043064874,
      0.042473927,
      -0.12514664,
      -0.22251618,
      0.01601323,
      -0.033630997,
      -0.039178643,
      -0.27183127,
      0.059151847,
      0.16447642,
      -0.03283303,
      0.136729,
      -0.5314032,
      -0.027178014,
      0.0289831,
      -0.120569274,
      -0.059260014,
      -0.36126098,
      -0.05318315,
      -5.1759863,
      0.34388494,
      0.5695939,
      -1.6497993,
      0.017029291,
      -0.07581397,
      -0.07820652,
      -0.004938477,
      0.050750908,
      -0.03141052,
      -0.07076158,
      -0.0049961815
    ],
    [
      -0.24863367,
      -0.030831266,
      -0.0057640495,
      -0.032357015,
      -0.06982231,
      -0.002345824,
      -0.0012033882,
      -0.01514796,
      0.06509548,
      0.018046254,
      -0.008097769,
      -0.016232474,
      -0.03465675,
      0.028512087,
      0.034390226,
      -0.015404761,
      -0.030146278,
      -0.058002744,
      0.008792224,
      0.019805683,
      -4.764874,
      -0.26528424,
      -0.8750594,
      -2.1746488,
      -8.927782E-05,
      -0.008934615,
      -0.026591048,
      -0.009340921,
      0.0011582908,
      -0.02551558,
      -0.04480507,
      -0.008455633
    ],
    [
      -0.2595499,
      -0.06990729,
      -0.011466808,
      0.06225944,
      -0.14372464,
      -0.008144502,
      0.008807652,
      -0.027605375,
      -0.06035224,
      -0.116600044,
      -0.007703536,
      0.00962567,
      -0.058153845,
      -0.043439034,
      -0.1409099,
      -0.05435121,
      -0.052721445,
      -0.152653,
      0.062036537,
      -0.04773927,
      -4.9693675,
      -0.6064091,
      -0.85464674,
      -1.9066321,
      -0.011609563,
      -0.030814335,
      -0.01778561,
      -0.008150297,
      0.015474222,
      0.052469347,
      -0.080612905,
      -0.010513133
    ],
    [
      -0.8312769,
      -3.8649426,
      15.893672,
      1.563124,
      -11.161031,
      -4.0163364,
      -20.852177,
      27.13945,
      0.60021186,
      -28.311686,
      -7.9092627,
      -22.542679,
      22.418634,
      -1.2013006,
      -19.416206,
      -0.29247043,
      -7.8385463,
      30.730791,
      0.0047447113,
      -15.085951,
      -17.00167,
      -30.270678,
      -8.826418,
      18.019903,
      -0.17634599,
      2.3136055,
      -1.2194381,
      -0.057157386,
      -0.11451312,
      2.5458639,
      0.009190962,
      -0.064605266
    ],
    [
      -0.25267476,
      -0.04121503,
      0.00045210755,
      -0.01586478,
      -0.06865467,
      0.0017150053,
      0.00078266405,
      -0.018439114,
      -0.009953344,
      0.0010763161,
      -0.0032909466,
      -0.0032436354,
      -0.031506173,
      -0.014091482,
      -0.021878608,
      -0.011266166,
      -0.0161005,
      -0.054167084,
      0.007986259,
      0.021449411,
      -4.842475,
      -0.3572146,
      -0.8640438,
      -2.0683992,
      -0.0040620863,
      -0.008659879,
      -0.034597687,
      -0.009249782,
      0.0023292708,
      -0.014504161,
      -0.045264453,
      -0.008566472
    ],
    [
      0.09974929,
      -0.14378285,
      -0.67085123,
      0.29229775,
      -1.2589195,
      -0.2550187,
      -0.07383339,
      -0.066889256,
      0.758786,
      0.27200305,
      0.336865,
      0.75954694,
      1.6424397,
      2.3558578,
      -0.17758602,
      1.6977518,
      2.2471404,
      4.2769527,
      1.864359,
      -0.015071896,
      1.5582048,
      -2.9112682,
      -21.70413,
      -11.948702,
      -0.38389355,
      0.40433237,
      -0.42074955,
      -0.05102462,
      -0.430206,
      0.4759362,
      -0.742888,
      -0.05737274
    ],
    [
      -0.22518411,
      0.014553393,
      -0.028420718,
      -0.08005705,
      -0.1298565,
      -0.02900793,
      -0.02379632,
      -0.038941458,
      0.040207446,
      0.12839127,
      0.074802354,
      0.031856086,
      0.10400086,
      0.02028763,
      -0.034068096,
      0.004697598,
      -0.008523331,
      0.03178406,
      0.085832395,
      0.023581885,
      -4.3322077,
      0.08417496,
      -1.3455957,
      -2.7456176,
      0.019594256,
      0.008641468,
      -0.014065601,
      -0.009929105,
      -0.031269547,
      -0.056981403,
      -0.06710955,
      -0.00990227
    ],
    [
      -0.07671491,
      0.034638967,
      36.46029,
      -135.39091,
      -126.24071,
      -110.61381,
      -0.2871544,
      419.5175,
      9.899786,
      -1.6321013,
      -50.28731,
      -9.675522,
      55.759045,
      10.689103,
      -3.0847056,
      -0.9077766,
      3.7743967,
      15.8432045,
      9.960275,
      1.294648,
      -3.1410556,
      0.096883506,
      0.03354293,
      -1.1303406,
      0.010979665,
      -0.0761371,
      -0.058960326,
      -0.0013121325,
      0.04182962,
      0.07049745,
      -0.08903334,
      -0.006522609
    ]
  ],
  "export_date": "2025-11-27T17:56:06.8246694Z",
  "metrics": {
    "episodes_processed": 0,
    "experiences_processed": 2641305,
    "average_episode_reward": 0,
    "average_value_loss": 11008.864
  }
}