{
  "config": {
    "learning_rate": 0.001,
    "discount_factor": 0.98,
    "exploration_rate": 0.2,
    "batch_size": 128,
    "hidden_layer_size": 384,
    "action_space_size": 9,
    "state_space_size": 27
  },
  "q_values": [
    [
      -18.096687,
      -7.6669173,
      -31.97309,
      62.71292,
      -19.975002,
      5.073866,
      -2.0357056,
      -42.16356,
      27.340895,
      8.304566,
      3.790305,
      0.25045705,
      -39.73303,
      12.918469,
      12.066851,
      4.07171,
      4.6174245,
      -35.322556,
      230.90681,
      -82.572075,
      -203.18231,
      220.39989,
      426.69925,
      -311.74353,
      554.27277,
      -324.59204,
      473.0354
    ],
    [
      -13.441501,
      161.04514,
      -27.20224,
      38.799877,
      -15.471313,
      12.282916,
      0.41070712,
      -7.2892447,
      25.628937,
      -9.572375,
      8.958909,
      -3.7557187,
      2.7364275,
      1.8988895,
      -4.1200533,
      4.1695642,
      -1.7375009,
      515.9857,
      155.67952,
      -180.00793,
      -3.2410805,
      139.04497,
      382.1791,
      -363.73013,
      591.9743,
      -331.30188,
      551.5785
    ],
    [
      -18.999516,
      5.5272903,
      -34.954967,
      -35.593426,
      31.79203,
      -3.9790936,
      -15.47569,
      -31.191727,
      -29.17662,
      32.081818,
      -0.59774,
      -15.526031,
      -18.006489,
      -17.449345,
      21.402895,
      -0.0055568963,
      -13.969341,
      -14.946302,
      -355.1355,
      -434.97107,
      -14.717752,
      63.490852,
      535.687,
      -322.92596,
      537.3774,
      -291.76126,
      532.2013
    ],
    [
      -143.34415,
      -113.798195,
      -16.501785,
      -19.47794,
      7.020045,
      6.582028,
      -5.6136327,
      -5.1894135,
      -5.5265307,
      1.8803012,
      1.9165412,
      -3.0890262,
      2.377913,
      5.348001,
      -7.8933625,
      2.2870147,
      -1.9442722,
      462.73465,
      -152.88455,
      -148.86731,
      -14.672398,
      -121.60881,
      353.24042,
      -3233.4602,
      5669.207,
      -3198.9626,
      5693.8657
    ],
    [
      -1.8933173,
      -3.357207,
      1.3775398,
      -46.10712,
      20.6348,
      7.8310323,
      2.4033697,
      -17.402672,
      -47.16881,
      33.87485,
      11.911362,
      1.660559,
      -12.776924,
      -21.858969,
      16.888956,
      5.3361216,
      -0.7942093,
      25.830936,
      -55.61261,
      -31.498045,
      -34.516766,
      -60.53409,
      322.33362,
      -33.09921,
      -34.872715,
      -18.569754,
      37.390743
    ],
    [
      0.10875403,
      1.7459558,
      3.9155147,
      -19.55956,
      5.1027083,
      -0.4023497,
      -5.0842896,
      -4.689288,
      -7.253139,
      2.3522112,
      -3.9694736,
      -2.8063166,
      -12.636837,
      -3.1743748,
      -1.9926156,
      0.003932093,
      -1.5727906,
      -43.371796,
      -4.2169333,
      24.832169,
      33.7962,
      -70.94496,
      239.50719,
      -0.2138032,
      -11.003583,
      -39.342293,
      -10.176758
    ],
    [
      -53.777874,
      12.956713,
      -16.06008,
      -6.68874,
      12.653142,
      2.0042531,
      -4.1109014,
      -28.97207,
      -14.924186,
      17.855545,
      -4.081073,
      -4.508961,
      -25.41834,
      -19.166557,
      24.671558,
      -3.1547766,
      0.65153766,
      26.912731,
      486.75522,
      -507.26706,
      59.378185,
      9.799387,
      579.1535,
      -1134.256,
      1986.8258,
      -1166.7834,
      2008.4192
    ],
    [
      -34.810547,
      33.248158,
      17.94128,
      71.5327,
      -44.972855,
      1.0777738,
      -5.10538,
      1.7172775,
      49.578075,
      -27.146732,
      -0.5977572,
      2.0528092,
      -28.922562,
      25.425018,
      1.7026252,
      -0.11903974,
      2.8813558,
      -115.24739,
      152.05711,
      174.66826,
      10.18996,
      80.69612,
      219.43979,
      -626.2019,
      1173.0137,
      -686.9015,
      1160.9666
    ],
    [
      -1.1891018,
      0.99846965,
      3.560652,
      2.1143074,
      -8.037365,
      -0.4863652,
      -3.503935,
      -1.9048146,
      -3.4573143,
      3.2047052,
      0.89984995,
      -1.0064175,
      -1.6463484,
      -2.5857234,
      -0.053714253,
      -1.9063756,
      -0.7751805,
      0.8991387,
      -16.985765,
      -277.43475,
      1.0824164,
      4.730762,
      -7.562562,
      -21.164982,
      52.391075,
      -24.694479,
      -11.635623
    ]
  ],
  "export_date": "2025-11-27T05:55:26.9910263Z",
  "metrics": {
    "episodes_processed": 0,
    "experiences_processed": -2127411595,
    "average_episode_reward": 0,
    "average_value_loss": 0.15220666
  }
}