{
  "config": {
    "learning_rate": 0.001,
    "discount_factor": 0.98,
    "exploration_rate": 0.2,
    "batch_size": 128,
    "hidden_layer_size": 384,
    "action_space_size": 10,
    "state_space_size": 14
  },
  "q_values": [
    [
      -0.00065011147,
      0.015831174,
      0.0080673145,
      -0.015729059,
      0.009240599,
      -0.06666593,
      -0.0018037289,
      0.018237446,
      0.00041240075,
      0.021914208,
      -0.011829364,
      -0.018920934,
      -0.019193212,
      0.0404186
    ],
    [
      0.0016337752,
      -0.00608629,
      -0.007009955,
      0.00077077193,
      -0.0020964723,
      -0.04568357,
      -0.052666206,
      -0.042195454,
      -0.071451575,
      0.011656389,
      -0.0018348522,
      0.009329821,
      -0.0009435928,
      -0.013342854
    ],
    [
      0.0044860668,
      0.0042166472,
      -0.0048847054,
      -0.0051975227,
      0.00094717526,
      -0.01687207,
      -0.0049158223,
      -0.021650583,
      -0.011312494,
      0.0027756044,
      -0.03307235,
      -0.030318499,
      -0.02523802,
      -0.0036117632
    ],
    [
      0.0015676863,
      0.025106374,
      0.00286469,
      0.0061332393,
      0.012013419,
      0.017355334,
      0.09994253,
      0.1097241,
      0.13761947,
      -0.036407344,
      -0.014685673,
      0.00088212907,
      -0.021567324,
      0.04230726
    ],
    [
      -0.00693422,
      -0.017189596,
      0.0054798494,
      -0.0048486963,
      -0.0019224115,
      -0.07338749,
      -0.12793835,
      -0.12404202,
      -0.19688697,
      0.025217123,
      0.008010916,
      0.005862321,
      0.007180338,
      -0.03830945
    ],
    [
      -0.001617373,
      -0.0046354863,
      0.0014850923,
      3.7892667E-05,
      -0.0026672408,
      0.009706281,
      0.0056612007,
      -0.006410302,
      -0.00780549,
      -0.012490519,
      -0.009404696,
      -0.0045279376,
      -0.013415687,
      -0.0074780523
    ],
    [
      0.001594242,
      0.011409169,
      0.0013007149,
      0.0011963657,
      -0.0034507965,
      -0.029870726,
      0.003958927,
      0.03585283,
      0.04013154,
      -0.02748987,
      -0.046982452,
      -0.041162513,
      -0.049900386,
      0.038053725
    ],
    [
      0.01002459,
      0.016423302,
      -0.0045073577,
      -0.016429676,
      -0.009798494,
      -0.034852106,
      -0.015568258,
      -0.00068819534,
      -0.010542592,
      0.024068318,
      -0.06907201,
      -0.025159033,
      -0.07083911,
      -0.010840924
    ],
    [
      -0.0007690314,
      -0.0025491628,
      -0.0001201694,
      -0.00018581166,
      -0.000681878,
      -0.0051921415,
      -0.0014088446,
      -0.0015058413,
      -0.0023950208,
      -0.0049614413,
      -0.004787806,
      -0.00471963,
      -0.0073309406,
      -0.0031833528
    ],
    [
      19.527748,
      45.18276,
      0.62158084,
      2.3033602,
      -108.07237,
      11.374749,
      11.548332,
      17.756079,
      -24.073534,
      8.164518,
      16.57159,
      24.719292,
      -18.922228,
      58.36092
    ]
  ],
  "export_date": "2025-11-27T17:56:06.8495878Z",
  "metrics": {
    "episodes_processed": 0,
    "experiences_processed": 7172021,
    "average_episode_reward": 0,
    "average_value_loss": 0.15427786
  }
}