{
  "config": {
    "learning_rate": 0.001,
    "discount_factor": 0.98,
    "exploration_rate": 0.2,
    "batch_size": 128,
    "hidden_layer_size": 384,
    "action_space_size": 10,
    "state_space_size": 14
  },
  "q_values": [
    [
      0.010534476,
      -0.019273711,
      -0.08939044,
      -0.11273352,
      -0.062002208,
      -0.54032,
      -0.25549796,
      -0.2545271,
      -0.38024327,
      -0.00059659686,
      -0.25157323,
      -0.25058544,
      -0.37437376,
      -0.00039838135
    ],
    [
      0.0021384289,
      -0.054593444,
      -0.042083036,
      -0.0589844,
      -0.054679975,
      -0.23878863,
      -0.30499232,
      -0.30548087,
      -0.45569417,
      0.0353958,
      -0.23764268,
      -0.2367143,
      -0.3536413,
      -0.00019922352
    ],
    [
      0.03418498,
      0.015636677,
      -0.08792121,
      -0.07633107,
      -0.03222098,
      -0.13142307,
      -0.36398467,
      -0.37112558,
      -0.49670693,
      0.16119786,
      -0.22994226,
      -0.21424134,
      -0.28675258,
      0.027767368
    ],
    [
      1.3012681,
      3.5576448,
      -1.9769082,
      -1.7927613,
      -1.899978,
      -2.8631542,
      -8.752457,
      -10.741272,
      -11.692461,
      -6.1312943,
      2.5156603,
      2.6089127,
      4.018889,
      0.17741664
    ],
    [
      0.02808633,
      -0.025847897,
      -0.09174292,
      -0.06963525,
      -0.06611402,
      -0.5247803,
      -0.25666228,
      -0.2556816,
      -0.38198328,
      -0.000596646,
      -0.2527319,
      -0.25174335,
      -0.3760932,
      -0.00039837856
    ],
    [
      22.731798,
      57.87578,
      -3.938097,
      -2.9104702,
      -99.0339,
      -31.406519,
      -0.9264775,
      -0.0026141605,
      0.5336956,
      -19.045933,
      4.088983,
      4.073402,
      6.087564,
      -0.00039837838
    ],
    [
      0.9433414,
      0.6160623,
      -2.3798378,
      -1.6226232,
      -0.82040745,
      -10.881921,
      0.46677956,
      0.4665967,
      0.6963848,
      0.007429256,
      0.45646822,
      0.45474565,
      0.6791832,
      0.009714183
    ],
    [
      0.057907976,
      -0.015235736,
      -0.17199247,
      -0.15117185,
      -0.07593803,
      -0.5286089,
      -0.2542539,
      -0.2608008,
      -0.37813112,
      0.028228518,
      -0.2506186,
      -0.24730535,
      -0.37044623,
      -0.02113154
    ],
    [
      0.10055388,
      0.06579317,
      -0.2842765,
      -0.3182596,
      -0.12302347,
      -1.3041158,
      -0.23491542,
      -0.24606542,
      -0.35366437,
      0.03649952,
      -0.16665547,
      -0.16599418,
      -0.24798611,
      -0.00019918181
    ],
    [
      61.32884,
      137.00732,
      4.2222753,
      7.431162,
      -219.05646,
      16.990604,
      19.384808,
      26.511074,
      -39.54061,
      -3.537725,
      25.142092,
      37.44195,
      -42.515728,
      27.85162
    ]
  ],
  "export_date": "2025-11-27T05:55:26.9902619Z",
  "metrics": {
    "episodes_processed": 0,
    "experiences_processed": 268451162,
    "average_episode_reward": 0,
    "average_value_loss": 0.4920192
  }
}