{
  "config": {
    "learning_rate": 0.001,
    "discount_factor": 0.98,
    "exploration_rate": 0.2,
    "batch_size": 128,
    "hidden_layer_size": 384,
    "action_space_size": 9,
    "state_space_size": 27
  },
  "q_values": [
    [
      -0.6519377,
      4.042108,
      -10.728081,
      -2.4855776,
      2.5836399,
      2.78421,
      -2.3467405,
      -10.016787,
      -5.8239036,
      6.8308907,
      0.2441967,
      -1.101771,
      -6.9873414,
      -5.7730927,
      1.2238058,
      0.66199654,
      -0.62828743,
      -8.918649,
      4.2722673,
      29.000458,
      -12.430968,
      4.3150396,
      83.82289,
      -11.605354,
      35.88736,
      -12.8905,
      -43.787167
    ],
    [
      -6.1641254,
      0.38213083,
      -46.84854,
      16.245535,
      6.9561124,
      -4.3134656,
      -12.438511,
      -13.894355,
      4.9727454,
      3.984507,
      0.26467398,
      1.696358,
      5.289248,
      -2.075686,
      -1.7706547,
      -3.4378858,
      5.0912566,
      -0.29786408,
      59.933018,
      152.37718,
      -20.835358,
      97.120445,
      264.51645,
      -115.96206,
      -17.905136,
      10.488148,
      59.57645
    ],
    [
      -4.5696273,
      1.5208095,
      -52.484432,
      -8.3397455,
      23.87511,
      2.9664974,
      -0.022822246,
      -45.825512,
      -16.233192,
      33.74041,
      3.0456827,
      -0.0018632853,
      -13.856427,
      -12.404186,
      9.146314,
      0.8198942,
      2.105064,
      -20.44149,
      5.6514087,
      196.40898,
      -39.28428,
      -1.685191,
      525.0331,
      -75.5872,
      53.56346,
      -23.66329,
      38.141506
    ],
    [
      -5.7549057,
      5.113951,
      -17.470978,
      -62.85249,
      43.436844,
      8.486595,
      9.938746,
      1.4922705,
      -25.326834,
      13.543806,
      6.4870787,
      -7.364598,
      8.352122,
      -7.41483,
      -2.381143,
      2.6677923,
      -8.6225815,
      -13.246734,
      -94.59555,
      201.80666,
      -10.331578,
      -73.23405,
      259.87894,
      -110.85313,
      113.220764,
      46.00218,
      -30.78142
    ],
    [
      -1.3039967,
      -4.4412117,
      -3.5616264,
      -24.713778,
      11.201398,
      2.059009,
      7.1814065,
      -2.6058252,
      -19.343513,
      13.167633,
      4.0991387,
      8.0085335,
      -1.9220144,
      -10.030373,
      2.6508825,
      1.8410637,
      1.1164445,
      1.0135143,
      -20.989838,
      46.725864,
      25.191105,
      -27.194271,
      132.9704,
      -23.371773,
      -33.7468,
      -9.230719,
      33.08444
    ],
    [
      1.9397839,
      4.528257,
      -7.021273,
      -37.101494,
      11.69071,
      -3.9173915,
      15.659412,
      -16.89096,
      -19.696194,
      10.053797,
      -1.5070876,
      6.6735554,
      -17.26604,
      -6.5246053,
      -0.9941705,
      3.563669,
      -1.1914339,
      3.4322922,
      -45.3361,
      96.827705,
      -7.0669456,
      -32.543354,
      156.15128,
      37.350266,
      29.340578,
      -98.444046,
      -61.75658
    ],
    [
      -0.8606219,
      0.47598973,
      14.831689,
      -25.3751,
      5.8141274,
      -5.2029967,
      -0.3467389,
      -1.2702627,
      -33.512264,
      18.839567,
      -1.312814,
      2.300119,
      -3.3542795,
      -17.542791,
      8.471998,
      0.9439258,
      2.5465505,
      29.209993,
      10.579466,
      189.0739,
      61.261074,
      3.103609,
      519.7439,
      -21.013432,
      30.851398,
      -58.99452,
      32.442158
    ],
    [
      -3.990492,
      -6.275166,
      7.019207,
      39.103245,
      -21.147175,
      -9.889189,
      -8.676471,
      3.876327,
      10.61224,
      -1.9151561,
      -2.212645,
      4.380559,
      -8.24276,
      1.168981,
      4.2465577,
      0.7943447,
      8.7386675,
      14.667522,
      141.35942,
      253.11829,
      84.66799,
      114.33062,
      287.50424,
      -60.041977,
      157.56787,
      -181.98688,
      261.2013
    ],
    [
      -0.21671978,
      -1.9279666,
      -1.6106573,
      -1.5380032,
      -3.1332772,
      1.0604693,
      1.3302768,
      1.4068304,
      1.8060707,
      2.5810363,
      -0.27938926,
      -1.2657902,
      0.28796706,
      0.370493,
      0.38510185,
      -0.76292217,
      -0.43189287,
      -0.12610556,
      2.3831675,
      -16.896955,
      0.02133806,
      2.434081,
      -4.768567,
      -4.2252407,
      -19.386335,
      -19.163383,
      4.9491844
    ]
  ],
  "export_date": "2025-11-27T17:56:06.8743087Z",
  "metrics": {
    "episodes_processed": 0,
    "experiences_processed": 67245739,
    "average_episode_reward": 0,
    "average_value_loss": 7.1147804
  }
}