{
  "config": {
    "learning_rate": 0.001,
    "discount_factor": 0.98,
    "exploration_rate": 0.2,
    "batch_size": 128,
    "hidden_layer_size": 384,
    "action_space_size": 9,
    "state_space_size": 24
  },
  "q_values": [
    [
      -0.74898744,
      5.238214,
      -1.7002888,
      -38.005516,
      -26.034222,
      7.9619102,
      21.025452,
      0.9540884,
      -1.0480614,
      13.851079,
      21.046377,
      21.844563,
      2.3510427,
      -0.23176646,
      24.825857,
      11.800334,
      14.478592,
      -9.996713,
      3.791187,
      19.819572,
      -14.4381485,
      45.017475,
      17.073027,
      -28.434727
    ],
    [
      -1.3253574,
      2.5602736,
      -0.30630276,
      -6.973437,
      -5.0174365,
      2.1689432,
      0.23651293,
      -1.8774592,
      -10.628767,
      2.6297896,
      8.33246,
      4.006213,
      5.160957,
      -7.6835847,
      3.1375957,
      1.3482718,
      -0.9226552,
      -2.7263365,
      -1.8639737,
      -0.19367199,
      -25.401371,
      22.072363,
      35.499275,
      -1.6430035
    ],
    [
      -2.0822597,
      0.9347391,
      4.2734976,
      -3.0542083,
      -4.9885187,
      1.5961161,
      -0.7560172,
      -0.53586656,
      -3.2715936,
      0.3567782,
      9.880042,
      5.6534147,
      11.475705,
      -5.1490974,
      0.024838887,
      7.232398,
      4.006742,
      7.258085,
      -2.757667,
      -0.7352857,
      -40.584526,
      10.176525,
      38.473892,
      14.015198
    ],
    [
      -2.66497,
      -4.767012,
      466.15637,
      390.79984,
      -635.32623,
      -74.30028,
      -127.49532,
      328.71054,
      16.26146,
      9.95103,
      -46.474716,
      -26.047014,
      38.10625,
      10.48366,
      12.696606,
      -12.098637,
      7.4429917,
      0.129921,
      9.083848,
      2.088309,
      -33.716164,
      -0.7387464,
      -63.881264,
      59.957897
    ],
    [
      -1.1749649,
      0.14759706,
      1374.8408,
      -247.58778,
      -445.84448,
      16.271597,
      -57.15146,
      224.92189,
      2.1651163,
      -13.960452,
      -18.03843,
      -42.05512,
      35.30394,
      1.5081776,
      3.1215405,
      -4.797043,
      -8.667513,
      10.069184,
      3.7354572,
      9.632527,
      12.77135,
      -7.263571,
      -60.529774,
      3.9959
    ],
    [
      0.14267096,
      -1.5730222,
      28.47996,
      12.519119,
      -29.889814,
      1.4797008,
      -40.14164,
      49.487488,
      42.828358,
      -24.61662,
      -4.307312,
      -33.257362,
      30.910025,
      19.474888,
      -26.874224,
      4.659106,
      -16.97696,
      23.021637,
      8.224191,
      -16.934265,
      1.3454622,
      -17.368189,
      -51.134407,
      -25.557554
    ],
    [
      -0.20435339,
      -0.5720966,
      252.04602,
      223.33751,
      -428.1681,
      20.630642,
      -116.40201,
      211.50595,
      -11.146041,
      -13.306868,
      -2.1914256,
      -51.734463,
      27.664701,
      -5.7493343,
      -2.747657,
      4.1731596,
      -17.65631,
      2.6945863,
      -4.873435,
      -0.66244316,
      -1.6780279,
      6.8870115,
      -31.951809,
      -15.075795
    ],
    [
      -1.418886,
      0.18979803,
      68.861755,
      -339.0166,
      -391.39792,
      7.8508096,
      129.65874,
      333.52228,
      -4.8163257,
      0.10241401,
      -42.320145,
      48.74975,
      -8.528219,
      -2.7954981,
      -7.8617873,
      0.61020035,
      58.90241,
      -35.676003,
      0.86724293,
      -7.5886087,
      -29.531006,
      -22.870775,
      -72.5323,
      32.706627
    ],
    [
      -4.051354,
      -0.46565863,
      191.17928,
      -81.586815,
      -69.88623,
      -44.53549,
      -13.312758,
      573.63495,
      -19.66163,
      -3.635395,
      -60.49435,
      -39.054924,
      49.228195,
      -0.91988677,
      -4.7241726,
      13.2185335,
      -22.89495,
      5.4676223,
      12.480213,
      -0.3063511,
      -64.4658,
      1.0600845,
      -5.9179473,
      13.145684
    ]
  ],
  "export_date": "2025-11-27T05:55:26.9896163Z",
  "metrics": {
    "episodes_processed": 0,
    "experiences_processed": 193975427,
    "average_episode_reward": 0,
    "average_value_loss": 341.0467
  }
}