{
  "config": {
    "learning_rate": 0.002,
    "discount_factor": 0.99,
    "exploration_rate": 0.3,
    "batch_size": 32,
    "hidden_layer_size": 128,
    "action_space_size": 9,
    "state_space_size": 20
  },
  "q_values": [
    [
      -97.85683,
      -85.53005,
      -115.62475,
      -78.77684,
      129.48386,
      -1.2591184,
      -1.6105658,
      -92.65806,
      -70.72915,
      579.53906,
      0,
      0,
      0,
      69.14693,
      -133.32187,
      0,
      0,
      0,
      0,
      0
    ],
    [
      -94.24533,
      -81.12188,
      -113.15468,
      -80.94131,
      123.77857,
      0.030004982,
      -3.5891252,
      -87.24747,
      -85.920204,
      582.75604,
      0,
      0,
      0,
      69.89879,
      -131.93773,
      0,
      0,
      0,
      0,
      0
    ],
    [
      -99.19891,
      -87.04255,
      -115.71579,
      -77.19286,
      124.42857,
      -2.0442333,
      -3.581272,
      -94.02375,
      -81.312744,
      581.3951,
      0,
      0,
      0,
      68.302284,
      -132.22766,
      0,
      0,
      0,
      0,
      0
    ],
    [
      -95.53089,
      -84.30654,
      -113.92464,
      -80.4135,
      129.92284,
      -0.85763377,
      -5.2049403,
      -86.99994,
      -79.703926,
      580.1035,
      0,
      0,
      0,
      69.71571,
      -131.05943,
      0,
      0,
      0,
      0,
      0
    ],
    [
      -93.921684,
      -80.52666,
      -115.249565,
      -77.50971,
      125.14314,
      -1.8411052,
      -2.39615,
      -96.79272,
      -68.75809,
      584.7604,
      0,
      0,
      0,
      70.06377,
      -131.886,
      0,
      0,
      0,
      0,
      0
    ],
    [
      -95.535835,
      -83.936325,
      -113.66384,
      -77.46935,
      128.85347,
      -0.45119175,
      -2.8509877,
      -85.53288,
      -72.534355,
      582.27014,
      0,
      0,
      0,
      68.74913,
      -134.53651,
      0,
      0,
      0,
      0,
      0
    ],
    [
      -94.28119,
      -74.12961,
      -112.79953,
      -74.5575,
      89.82706,
      -1.4691881,
      -1.4581158,
      -191.10324,
      -136.68906,
      587.46014,
      0,
      0,
      0,
      68.52192,
      -99.414474,
      0,
      0,
      0,
      0,
      0
    ],
    [
      -95.95162,
      -81.2196,
      -113.303955,
      -79.95963,
      124.61398,
      -1.4145266,
      -4.179719,
      -81.041824,
      -90.162964,
      580.9647,
      0,
      0,
      0,
      70.31422,
      -130.575,
      0,
      0,
      0,
      0,
      0
    ],
    [
      -109.74569,
      -88.38382,
      -129.65764,
      -80.1829,
      134.99258,
      -1.917913,
      -3.701182,
      -66.136734,
      -26.679918,
      594.1831,
      0,
      0,
      0,
      75.039116,
      -109.82771,
      0,
      0,
      0,
      0,
      0
    ]
  ],
  "export_date": "2025-11-12T20:47:40.4966402Z",
  "metrics": {
    "episodes_processed": 0,
    "experiences_processed": 1165165,
    "average_episode_reward": 0,
    "average_value_loss": 3001.3306,
    "performance_score": 0
  }
}