{
  "config": {
    "learning_rate": 0.002,
    "discount_factor": 0.95,
    "exploration_rate": 0.3,
    "batch_size": 64,
    "hidden_layer_size": 256,
    "action_space_size": 9,
    "state_space_size": 20
  },
  "q_values": [
    [
      -124.73489,
      -59.138073,
      -117.69785,
      -53.898174,
      -41.541073,
      5.4500685,
      5.939942,
      75.002495,
      23.741047,
      493.33612,
      0,
      0,
      0,
      71.20545,
      17.446442,
      0,
      0,
      0,
      0,
      0
    ],
    [
      -133.12137,
      -65.40163,
      -129.6488,
      -66.24613,
      -21.19161,
      4.209531,
      6.0289764,
      92.063736,
      0.11769534,
      502.171,
      0,
      0,
      0,
      67.86518,
      14.715168,
      0,
      0,
      0,
      0,
      0
    ],
    [
      -131.59592,
      -62.475456,
      -129.42198,
      -63.141457,
      -21.993607,
      5.2941575,
      5.625378,
      92.73639,
      2.492784,
      502.4689,
      0,
      0,
      0,
      66.90494,
      13.710865,
      0,
      0,
      0,
      0,
      0
    ],
    [
      -130.3594,
      -59.6894,
      -124.73934,
      -59.82915,
      -29.421228,
      6.3504868,
      4.9299045,
      93.951904,
      0.30340844,
      500.86017,
      0,
      0,
      0,
      68.7822,
      16.010862,
      0,
      0,
      0,
      0,
      0
    ],
    [
      -131.77594,
      -63.19379,
      -127.59685,
      -61.124763,
      -27.42938,
      1.6785748,
      6.772616,
      93.93298,
      2.467739,
      500.6265,
      0,
      0,
      0,
      69.131615,
      15.682011,
      0,
      0,
      0,
      0,
      0
    ],
    [
      -125.51518,
      -49.64909,
      -116.473434,
      -43.532085,
      -54.54166,
      5.721703,
      6.3335214,
      135.15926,
      -13.406189,
      490.58975,
      0,
      0,
      0,
      71.275665,
      18.920385,
      0,
      0,
      0,
      0,
      0
    ],
    [
      -133.88301,
      -65.56472,
      -131.39464,
      -67.31861,
      -18.651144,
      2.833097,
      5.5951896,
      92.57494,
      0.6715343,
      504.0633,
      0,
      0,
      0,
      65.89645,
      13.485411,
      0,
      0,
      0,
      0,
      0
    ],
    [
      -133.35345,
      -60.62455,
      -127.72383,
      -62.796207,
      -23.492348,
      3.5105739,
      5.242145,
      94.3185,
      0.71888626,
      500.83002,
      0,
      0,
      0,
      67.67575,
      13.709265,
      0,
      0,
      0,
      0,
      0
    ],
    [
      -127.72026,
      -60.864307,
      -123.16055,
      -60.580315,
      -30.256973,
      4.9457045,
      4.999239,
      64.51424,
      -33.68442,
      497.72824,
      0,
      0,
      0,
      73.737526,
      15.368235,
      0,
      0,
      0,
      0,
      0
    ]
  ],
  "export_date": "2025-11-15T20:55:00.6674028Z",
  "metrics": {
    "episodes_processed": 0,
    "experiences_processed": 11272798,
    "average_episode_reward": 0,
    "average_value_loss": 2519.2012,
    "performance_score": 0
  }
}