{
  "config": {
    "learning_rate": 0.002,
    "discount_factor": 0.99,
    "exploration_rate": 0.3,
    "batch_size": 32,
    "hidden_layer_size": 128,
    "action_space_size": 3,
    "state_space_size": 20
  },
  "q_values": [
    [
      -32.24669,
      -24.708923,
      -17.067125,
      -18.409576,
      4.216171,
      0.6171121,
      0.36662698,
      -7.1265483,
      12.452344,
      154.19872,
      0,
      0,
      0,
      16.135601,
      -36.108315,
      0,
      0,
      0,
      0,
      0
    ],
    [
      -31.851765,
      -24.75367,
      -14.935276,
      -17.792253,
      6.8241425,
      0.32910395,
      0.06259402,
      -9.152403,
      11.460982,
      137.9073,
      0,
      0,
      0,
      14.310333,
      -44.20643,
      0,
      0,
      0,
      0,
      0
    ],
    [
      -32.284958,
      -25.943596,
      -14.840139,
      -17.500206,
      6.2191315,
      -0.19851093,
      -0.5477985,
      -10.306933,
      11.894113,
      140.31352,
      0,
      0,
      0,
      12.5581665,
      -45.109722,
      0,
      0,
      0,
      0,
      0
    ]
  ],
  "export_date": "2025-11-11T11:06:39.6421937Z",
  "metrics": {
    "episodes_processed": 0,
    "experiences_processed": 201069,
    "average_episode_reward": 0,
    "average_value_loss": 359.90784,
    "performance_score": 0
  }
}