{
  "config": {
    "learning_rate": 0.001,
    "discount_factor": 0.98,
    "exploration_rate": 0.3,
    "batch_size": 128,
    "hidden_layer_size": 384,
    "action_space_size": 9,
    "state_space_size": 17
  },
  "q_values": [
    [
      -53.290768,
      -31.019083,
      0.1114963,
      0.1170933,
      -53.173485,
      -14.540236,
      -30.949448,
      -36.71859,
      -14.685951,
      -13.099095,
      -16.178389,
      -11.862068,
      -5.916005,
      -1.9106649,
      -12.257224,
      -5.0955763,
      -2.163355
    ],
    [
      -25.717888,
      14.12861,
      0.46237794,
      -0.0029324384,
      -25.544523,
      -0.31365097,
      14.160474,
      -39.98066,
      -39.10038,
      -38.844845,
      1.4448111,
      -27.584085,
      -62.610867,
      -7.534521,
      -45.613796,
      -31.1743,
      -55.879612
    ],
    [
      -53.772026,
      -31.299227,
      0.10388552,
      0.1839719,
      -53.656666,
      -14.242261,
      -31.231064,
      -36.62153,
      -14.077842,
      -13.583191,
      -15.297278,
      -10.928889,
      -5.4975123,
      -1.5915515,
      -11.296434,
      -4.6546,
      -2.0729468
    ],
    [
      -31.186357,
      4.04014,
      -0.1482597,
      -0.09571142,
      -31.142036,
      -23.167973,
      4.005239,
      -58.281273,
      -4.9225364,
      -5.6028104,
      5.96037,
      4.1582155,
      -15.71434,
      -50.527134,
      -17.879387,
      -0.096781485,
      -23.818438
    ],
    [
      -53.82441,
      -31.231329,
      0.10369686,
      0.1868058,
      -53.708252,
      -14.166719,
      -31.16276,
      -36.665764,
      -14.053838,
      -13.557237,
      -15.31238,
      -10.974504,
      -5.5281487,
      -1.697659,
      -11.271647,
      -4.6480618,
      -2.0507262
    ],
    [
      -29.537956,
      -22.693218,
      0.07313302,
      -0.090391025,
      -29.160109,
      2.9001067,
      -22.45035,
      -3.7471464,
      -27.959986,
      -13.825446,
      -44.41022,
      -14.458503,
      2.5739172,
      -12.350648,
      4.6076283,
      1.2584535,
      -12.376134
    ],
    [
      -53.82702,
      -31.262245,
      0.105579354,
      0.18421121,
      -53.711338,
      -14.143649,
      -31.193897,
      -36.61444,
      -14.06104,
      -13.577559,
      -15.297397,
      -10.97268,
      -5.4991875,
      -1.6435657,
      -11.284242,
      -4.6410003,
      -2.0578597
    ],
    [
      -49.854523,
      4.6832128,
      -0.09802262,
      0.32162872,
      -49.696915,
      22.43747,
      4.6810884,
      -31.870369,
      -11.06566,
      -61.76119,
      1.6275007,
      10.620658,
      -43.883095,
      35.254787,
      -5.0872865,
      2.7809944,
      3.3822703
    ],
    [
      -53.81043,
      -31.263561,
      0.10551024,
      0.18667525,
      -53.707367,
      -14.165225,
      -31.202118,
      -36.62357,
      -14.064839,
      -13.57712,
      -15.297543,
      -10.975784,
      -5.5010767,
      -1.6435428,
      -11.286427,
      -4.649629,
      -2.055759
    ]
  ],
  "export_date": "2025-11-27T17:56:06.9468478Z",
  "metrics": {
    "episodes_processed": 0,
    "experiences_processed": 56649100,
    "average_episode_reward": 0,
    "average_value_loss": 3.9346564
  }
}