{
  "config": {
    "learning_rate": 0.002,
    "discount_factor": 0.99,
    "exploration_rate": 0.3,
    "batch_size": 32,
    "hidden_layer_size": 128,
    "action_space_size": 3,
    "state_space_size": 20
  },
  "q_values": [
    [
      -67.13467,
      -37.67942,
      -67.15051,
      -27.68695,
      47.115566,
      -3.1267192,
      -2.246295,
      -49.903366,
      -53.560776,
      350.89764,
      0,
      0,
      0,
      30.548367,
      -26.876608,
      0,
      0,
      0,
      0,
      0
    ],
    [
      -63.967728,
      -38.67859,
      -61.89324,
      -28.219446,
      39.856174,
      -0.5070921,
      -0.57566065,
      -87.190445,
      -31.87817,
      352.01282,
      0,
      0,
      0,
      26.783098,
      -25.870787,
      0,
      0,
      0,
      0,
      0
    ],
    [
      -66.956,
      -39.700977,
      -66.262955,
      -27.905643,
      48.84831,
      -2.0714383,
      -2.4125917,
      -60.834435,
      -45.22504,
      349.71298,
      0,
      0,
      0,
      28.872192,
      -31.687613,
      0,
      0,
      0,
      0,
      0
    ]
  ],
  "export_date": "2025-11-12T20:47:40.4966410Z",
  "metrics": {
    "episodes_processed": 0,
    "experiences_processed": 1165165,
    "average_episode_reward": 0,
    "average_value_loss": 616.21265,
    "performance_score": 0
  }
}