{
  "config": {
    "learning_rate": 0.002,
    "discount_factor": 0.95,
    "exploration_rate": 0.3,
    "batch_size": 64,
    "hidden_layer_size": 256,
    "action_space_size": 3,
    "state_space_size": 20
  },
  "q_values": [
    [
      -59.53185,
      -26.507597,
      -58.08968,
      -26.914682,
      -22.53274,
      2.847963,
      2.1946642,
      44.029537,
      0.5611139,
      231.59009,
      0,
      0,
      0,
      34.69253,
      9.299416,
      0,
      0,
      0,
      0,
      0
    ],
    [
      -59.061302,
      -29.134048,
      -55.54728,
      -28.240538,
      -22.690464,
      3.0932398,
      3.7306466,
      39.3914,
      2.8515966,
      230.72063,
      0,
      0,
      0,
      32.238224,
      7.9843674,
      0,
      0,
      0,
      0,
      0
    ],
    [
      -62.254665,
      -26.306389,
      -58.714767,
      -25.577757,
      -24.768402,
      1.5935475,
      2.6489604,
      53.96896,
      -7.650103,
      229.87758,
      0,
      0,
      0,
      33.096,
      8.026385,
      0,
      0,
      0,
      0,
      0
    ]
  ],
  "export_date": "2025-11-15T20:55:00.6674040Z",
  "metrics": {
    "episodes_processed": 0,
    "experiences_processed": 11272798,
    "average_episode_reward": 0,
    "average_value_loss": 583.581,
    "performance_score": 0
  }
}