{
  "config": {
    "learning_rate": 0.001,
    "discount_factor": 0.98,
    "exploration_rate": 0.3,
    "batch_size": 128,
    "hidden_layer_size": 384,
    "action_space_size": 9,
    "state_space_size": 17
  },
  "q_values": [
    [
      -41.632774,
      -28.83182,
      -0.71180856,
      0.21782313,
      -41.648373,
      3.1863494,
      -28.814974,
      -9.574596,
      -28.836205,
      -13.642217,
      -26.976875,
      4.961132,
      -4.561871,
      39.01828,
      -29.864399,
      0.58277756,
      13.0726185
    ],
    [
      -17.941353,
      11.376405,
      -0.6459199,
      0.37923738,
      -17.157993,
      -37.201878,
      11.764417,
      -65.2991,
      -31.952793,
      -2.2943075,
      -25.568867,
      -8.030754,
      -1.6632794,
      -25.631643,
      -50.6834,
      -17.133839,
      -83.37838
    ],
    [
      -57.163677,
      -37.135197,
      -0.20794183,
      0.32157472,
      -57.041393,
      -18.604914,
      -37.052616,
      -38.544083,
      -23.099916,
      -11.719795,
      -9.797701,
      -5.1042814,
      -5.6549625,
      -11.237506,
      -4.269781,
      -4.6918335,
      -9.81079
    ],
    [
      -4.5661573,
      -57.640022,
      0.44689056,
      -0.37261343,
      -4.0246496,
      -92.15476,
      -57.22535,
      -38.632084,
      1.1162356,
      2.730775,
      -67.77188,
      54.391563,
      -47.57202,
      22.381927,
      -9.596742,
      -48.22268,
      -16.460474
    ],
    [
      -58.444687,
      -37.807613,
      0.3316524,
      0.04837014,
      -58.314083,
      -16.097195,
      -37.721115,
      -36.639523,
      -23.618055,
      -14.148662,
      -13.072894,
      -5.4031672,
      -4.3174524,
      -11.321972,
      -4.343356,
      -4.9772477,
      -9.67529
    ],
    [
      -82.02373,
      5.7648516,
      0.5187023,
      -0.3647122,
      -81.69555,
      139.35179,
      5.514778,
      52.881298,
      -75.08293,
      -148.99115,
      -303.18652,
      21.012007,
      -103.96098,
      10.43268,
      29.682135,
      5.3173714,
      6.137882
    ],
    [
      -58.59792,
      -37.73973,
      0.33210978,
      0.04836772,
      -58.469902,
      -16.044563,
      -37.65506,
      -36.80792,
      -23.386753,
      -14.055821,
      -12.792528,
      -5.0565453,
      -4.2150583,
      -10.573817,
      -4.0886207,
      -4.590527,
      -8.987054
    ],
    [
      -34.53028,
      25.11063,
      -0.11087304,
      0.18719578,
      -37.1835,
      49.867805,
      21.740974,
      -7.8694777,
      -109.594765,
      -232.56569,
      -356.58862,
      -42.32169,
      -29.820793,
      -137.29951,
      -25.300034,
      6.7134624,
      -86.86218
    ],
    [
      -58.57976,
      -37.734978,
      0.33216205,
      0.049204726,
      -58.466015,
      -16.052708,
      -37.659332,
      -36.80812,
      -23.395153,
      -14.061745,
      -12.8253145,
      -5.0578465,
      -4.2137847,
      -10.598008,
      -4.077825,
      -4.5751004,
      -8.984381
    ]
  ],
  "export_date": "2025-11-27T05:55:26.9933366Z",
  "metrics": {
    "episodes_processed": 0,
    "experiences_processed": 1826682589,
    "average_episode_reward": 0,
    "average_value_loss": 0.09961143
  }
}