{
  "config": {
    "learning_rate": 0.002,
    "discount_factor": 0.99,
    "exploration_rate": 0.3,
    "batch_size": 32,
    "hidden_layer_size": 128,
    "action_space_size": 9,
    "state_space_size": 20
  },
  "q_values": [
    [
      -47.41149,
      -46.35522,
      -14.932907,
      -11.045791,
      32.257473,
      1.0433054,
      0.46385944,
      -11.587241,
      23.077599,
      173.3158,
      0,
      0,
      0,
      22.03192,
      -61.993916,
      0,
      0,
      0,
      0,
      0
    ],
    [
      -45.252438,
      -45.207012,
      -15.292608,
      -14.106916,
      34.84702,
      1.5224583,
      -1.545575,
      -17.021488,
      15.333016,
      171.57607,
      0,
      0,
      0,
      25.057775,
      -62.315643,
      0,
      0,
      0,
      0,
      0
    ],
    [
      -46.394524,
      -43.66721,
      -15.849627,
      -12.2086735,
      35.265324,
      -0.72498643,
      0.5207547,
      -17.695208,
      17.790379,
      175.09152,
      0,
      0,
      0,
      25.234224,
      -62.040493,
      0,
      0,
      0,
      0,
      0
    ],
    [
      -46.38128,
      -44.637142,
      -13.414394,
      -12.330732,
      35.31976,
      -2.0018885,
      0.11937313,
      -11.516615,
      21.92269,
      171.28561,
      0,
      0,
      0,
      25.577156,
      -61.97478,
      0,
      0,
      0,
      0,
      0
    ],
    [
      -54.272446,
      -51.23024,
      -13.5866995,
      -13.902368,
      26.581167,
      -1.2967166,
      1.2398423,
      -37.31586,
      93.98308,
      232.26726,
      0,
      0,
      0,
      21.150406,
      -60.34045,
      0,
      0,
      0,
      0,
      0
    ],
    [
      -44.776505,
      -44.51743,
      -12.595614,
      -10.959953,
      32.256477,
      -0.0679556,
      -1.9561862,
      -8.827408,
      22.391644,
      169.7796,
      0,
      0,
      0,
      24.615368,
      -61.523266,
      0,
      0,
      0,
      0,
      0
    ],
    [
      -45.86768,
      -43.877926,
      -16.555128,
      -13.577935,
      32.68093,
      -1.1181465,
      -1.1903837,
      -21.547972,
      10.184361,
      171.99948,
      0,
      0,
      0,
      25.380302,
      -60.351204,
      0,
      0,
      0,
      0,
      0
    ],
    [
      -46.54886,
      -40.01686,
      -18.248112,
      -14.034535,
      32.82883,
      2.089408,
      -0.9584654,
      6.756464,
      -45.183735,
      231.17538,
      0,
      0,
      0,
      27.004179,
      -59.767807,
      0,
      0,
      0,
      0,
      0
    ],
    [
      -47.491253,
      -44.84232,
      -15.566539,
      -12.235191,
      33.335262,
      -2.4207103,
      -1.7808218,
      -14.401172,
      19.884958,
      168.79498,
      0,
      0,
      0,
      23.457348,
      -62.462852,
      0,
      0,
      0,
      0,
      0
    ]
  ],
  "export_date": "2025-11-11T11:06:39.6421923Z",
  "metrics": {
    "episodes_processed": 0,
    "experiences_processed": 201069,
    "average_episode_reward": 0,
    "average_value_loss": 2487.6328,
    "performance_score": 0
  }
}