{
  "config": {
    "learning_rate": 0.001,
    "discount_factor": 0.98,
    "exploration_rate": 0.2,
    "batch_size": 128,
    "hidden_layer_size": 384,
    "action_space_size": 9,
    "state_space_size": 21
  },
  "q_values": [
    [
      0.38853166,
      -3.8858192,
      -2.2207239,
      -2.9846303,
      0,
      -3.8662586,
      -2.4132688,
      0,
      -5.30305,
      -3.8414028,
      0,
      -6.9886193,
      -5.563006,
      0,
      -8.287147,
      -7.4815493,
      0,
      0.38850445,
      -21.093922,
      -3.878359,
      -16.804846
    ],
    [
      32.28339,
      67.09034,
      -4.1979175,
      -15.325482,
      -15.739282,
      -43.4059,
      28.792364,
      -0.14997897,
      48.645027,
      -62.08007,
      0,
      -27.592314,
      -23.40319,
      0,
      -22.462639,
      -21.964983,
      0,
      33.010536,
      120.41595,
      74.68815,
      83.38686
    ],
    [
      -0.7170828,
      -4.237615,
      -2.6826096,
      -3.6055276,
      0,
      -3.5788178,
      -3.2912762,
      0,
      -4.518208,
      -3.5123863,
      0,
      -6.835631,
      -5.87462,
      0,
      -8.633984,
      -8.042076,
      0,
      -0.7163039,
      -20.28252,
      -4.229959,
      -16.748264
    ],
    [
      0.3483017,
      -4.680476,
      -2.7437112,
      -3.4115148,
      0,
      -3.7578382,
      -2.5605748,
      0,
      -5.0299067,
      -3.1846266,
      0,
      -7.0886264,
      -5.578087,
      0,
      -8.290588,
      -7.478635,
      0,
      0.3484174,
      -21.10332,
      -4.6717567,
      -16.060637
    ],
    [
      19.094767,
      30.79398,
      18.814146,
      -18.280018,
      -16.648182,
      37.64462,
      -23.946102,
      -0.4182174,
      -50.89665,
      56.657566,
      0,
      -27.854692,
      -23.022001,
      0,
      -23.102795,
      -22.731369,
      0,
      18.557182,
      111.86418,
      39.714783,
      94.62536
    ],
    [
      -0.37506104,
      -4.3246055,
      -2.424099,
      -3.7013154,
      0,
      -3.5796165,
      -3.1714568,
      0,
      -4.6567225,
      -3.428307,
      0,
      -6.982849,
      -5.6996403,
      0,
      -8.654715,
      -7.82815,
      0,
      -0.37470818,
      -20.535774,
      -4.3167396,
      -16.572834
    ],
    [
      50.097332,
      58.67874,
      -4.6757045,
      -17.244663,
      -16.483496,
      28.278528,
      -51.89771,
      -0.16361633,
      -66.07794,
      43.90082,
      0,
      -27.665792,
      -23.375181,
      0,
      -21.129515,
      -24.715052,
      0,
      49.98813,
      107.196,
      66.28357,
      94.67672
    ],
    [
      -0.38457325,
      -4.1990867,
      -2.4530995,
      -3.645485,
      0,
      -3.592697,
      -3.1224601,
      0,
      -4.667106,
      -3.4651263,
      0,
      -6.981409,
      -5.6834755,
      0,
      -8.6903515,
      -7.832668,
      0,
      -0.3842198,
      -20.511889,
      -4.191464,
      -16.683693
    ],
    [
      -0.49084234,
      -4.268984,
      -2.486327,
      -3.6720252,
      0,
      -3.5891693,
      -3.15617,
      0,
      -4.681948,
      -3.4418342,
      0,
      -6.9574556,
      -5.700458,
      0,
      -8.646163,
      -7.8339624,
      0,
      -0.49040464,
      -20.467688,
      -4.261293,
      -16.676018
    ]
  ],
  "export_date": "2025-11-27T05:55:26.9888480Z",
  "metrics": {
    "episodes_processed": 0,
    "experiences_processed": 1457190604,
    "average_episode_reward": 0,
    "average_value_loss": 1.2463356
  }
}