{
  "config": {
    "learning_rate": 0.001,
    "discount_factor": 0.98,
    "exploration_rate": 0.2,
    "batch_size": 128,
    "hidden_layer_size": 384,
    "action_space_size": 9,
    "state_space_size": 21
  },
  "q_values": [
    [
      0.2566483,
      4.707984,
      -2.1174624,
      0.67364055,
      -13.598895,
      -2.6130397,
      2.968806,
      9.6789465,
      13.936348,
      11.802761,
      -7.0938087,
      8.564228,
      5.827832,
      6.3928404,
      3.9626987,
      -8.774256,
      2.885761,
      4.530242,
      50.84392,
      -36.82677,
      -35.27116
    ],
    [
      -3.0751412,
      0.57588553,
      0.5662964,
      -1.9443656,
      -3.5345788,
      -6.892721,
      1.0355608,
      6.05702,
      2.8193977,
      4.7469015,
      -5.4928765,
      -1.167601,
      -1.0681983,
      -2.51554,
      -6.8490553,
      -3.4174607,
      -1.3267326,
      -58.948257,
      6.9730988,
      -17.044073,
      -46.09682
    ],
    [
      -1.7381785,
      1.1807011,
      27.347147,
      1.9717163,
      24.778492,
      -8.266281,
      0.91657037,
      35.616283,
      1.881247,
      0.22757384,
      -14.492448,
      4.7815833,
      18.485788,
      4.1009874,
      2.4269326,
      -7.499675,
      0.73217976,
      -32.54086,
      20.903263,
      -7.0584183,
      29.66452
    ],
    [
      -2.6369152,
      -6.7875767,
      -1.094639,
      21.701973,
      -29.28842,
      9.082885,
      10.270897,
      4.2124767,
      18.941338,
      -16.62039,
      -7.420522,
      9.916892,
      -6.6473145,
      -5.8136578,
      -26.479984,
      -13.404885,
      8.556506,
      -51.196922,
      -70.63884,
      -37.175343,
      13.38126
    ],
    [
      0.8226884,
      -5.952259,
      4.8850856,
      5.8551507,
      -11.665075,
      -8.954284,
      -8.503474,
      0.57301384,
      7.1518965,
      -9.039622,
      10.079383,
      -6.139092,
      3.5077994,
      5.073699,
      -0.9260996,
      15.996924,
      1.0677497,
      16.698261,
      -60.584213,
      -71.60939,
      47.797844
    ],
    [
      -0.4432209,
      -4.1839213,
      23.362507,
      22.78616,
      -39.80662,
      11.125072,
      2.9129076,
      -7.8007426,
      29.52309,
      -21.34128,
      12.633069,
      -17.005983,
      -7.065435,
      16.94203,
      5.802315,
      4.0614176,
      -1.9739784,
      -0.8869123,
      -34.06097,
      -51.458168,
      83.97766
    ],
    [
      0.76205194,
      -0.19178468,
      -0.35067886,
      -0.15282393,
      -0.7830098,
      3.2369506,
      0.6729357,
      3.7216494,
      3.8320456,
      6.5775094,
      1.7333251,
      0.1578385,
      1.9829955,
      2.2857285,
      4.065953,
      1.7839928,
      -0.19489132,
      14.447592,
      -2.1302168,
      -44.256405,
      -4.2964935
    ],
    [
      0.93437105,
      9.665936,
      21.67996,
      -6.927087,
      -23.104996,
      2.9848738,
      -4.282512,
      -8.099989,
      -0.79552794,
      -7.3297925,
      5.362018,
      18.278439,
      -5.335585,
      4.847896,
      2.928839,
      4.4285827,
      12.567738,
      24.753761,
      110.784775,
      -19.256985,
      -6.152941
    ],
    [
      -0.13578232,
      -0.5399605,
      0.64489156,
      0.98536074,
      -2.7191803,
      0.2050874,
      -0.2512564,
      -2.5745463,
      -2.3865104,
      -8.200199,
      1.221178,
      -1.220153,
      -5.437648,
      -5.750251,
      -11.344773,
      2.3316183,
      0.611975,
      -2.3945184,
      -5.813209,
      -30.302464,
      -9.1082535
    ]
  ],
  "export_date": "2025-11-27T17:56:06.7356437Z",
  "metrics": {
    "episodes_processed": 0,
    "experiences_processed": 6936263,
    "average_episode_reward": 0,
    "average_value_loss": 4796.411
  }
}