{
  "config": {
    "learning_rate": 0.001,
    "discount_factor": 0.98,
    "exploration_rate": 0.2,
    "batch_size": 128,
    "hidden_layer_size": 384,
    "action_space_size": 10,
    "state_space_size": 14
  },
  "q_values": [
    [
      -0.00011386574,
      -3.6776317E-05,
      -2.7530318E-06,
      -2.0258987E-05,
      -2.0445026E-05,
      -0.00019957908,
      5.9935874E-06,
      -2.0184847E-05,
      -2.1055755E-05,
      -0.00019937506,
      1.2995323E-08,
      3.217302E-05,
      -3.217218E-05,
      -0.00019916528
    ],
    [
      -0.0001138657,
      -3.6776306E-05,
      -2.7594874E-06,
      -2.0609223E-05,
      -2.0792926E-05,
      -0.00019957888,
      6.2960175E-06,
      -2.0638796E-05,
      -2.157763E-05,
      -0.00019937463,
      -4.8610026E-08,
      3.1781303E-05,
      -3.1780528E-05,
      -0.00019916511
    ],
    [
      -0.00011386561,
      -3.6776277E-05,
      -2.8232835E-06,
      -2.0942398E-05,
      -2.1131626E-05,
      -0.00019957859,
      6.2518975E-06,
      -2.10526E-05,
      -2.1961117E-05,
      -0.00019937416,
      -1.7244334E-07,
      3.1796157E-05,
      -3.1795833E-05,
      -0.00019916464
    ],
    [
      -0.00011386562,
      -3.6776277E-05,
      -2.820163E-06,
      -2.0847841E-05,
      -2.1037496E-05,
      -0.00019957864,
      6.351246E-06,
      -2.1559426E-05,
      -2.2475277E-05,
      -0.00019937399,
      3.0894395E-08,
      3.1425327E-05,
      -3.142457E-05,
      -0.0001991647
    ],
    [
      -0.000113865586,
      -3.6776266E-05,
      -2.5782035E-06,
      -2.1081585E-05,
      -2.1238564E-05,
      -0.00019957848,
      6.5756367E-06,
      -2.1634236E-05,
      -2.2611308E-05,
      -0.00019937378,
      -1.2029903E-07,
      3.141048E-05,
      -3.1409938E-05,
      -0.0001991645
    ],
    [
      -0.000113865586,
      -3.6776266E-05,
      -2.7179244E-06,
      -2.1381133E-05,
      -2.1553009E-05,
      -0.00019957835,
      6.39899E-06,
      -2.135571E-05,
      -2.2293658E-05,
      -0.00019937378,
      -3.68741E-07,
      3.1427317E-05,
      -3.1428768E-05,
      -0.0001991645
    ],
    [
      -0.00011386562,
      -3.6776277E-05,
      -2.7640367E-06,
      -2.135093E-05,
      -2.1528922E-05,
      -0.00019957843,
      6.2787985E-06,
      -2.156606E-05,
      -2.2461254E-05,
      -0.00019937378,
      -2.7151515E-07,
      3.1093914E-05,
      -3.1094343E-05,
      -0.0001991647
    ],
    [
      -0.00011386565,
      -3.6776284E-05,
      -2.5557542E-06,
      -2.1310985E-05,
      -2.1463606E-05,
      -0.0001995785,
      6.2333684E-06,
      -2.1927604E-05,
      -2.2796183E-05,
      -0.0001993737,
      -1.4050414E-07,
      3.079127E-05,
      -3.079086E-05,
      -0.0001991648
    ],
    [
      -0.000113865564,
      -3.6776262E-05,
      -2.6867435E-06,
      -2.136413E-05,
      -2.1532167E-05,
      -0.00019957834,
      6.1118385E-06,
      -2.1763242E-05,
      -2.2605025E-05,
      -0.00019937364,
      -3.2743634E-07,
      3.1299387E-05,
      -3.130047E-05,
      -0.00019916441
    ],
    [
      42.256004,
      18.573008,
      5.055029,
      0.49898842,
      -107.95006,
      10.89554,
      14.973931,
      15.460389,
      -24.882671,
      7.608058,
      21.019445,
      21.888151,
      -19.48653,
      60.027958
    ]
  ],
  "export_date": "2025-11-27T17:56:06.7772738Z",
  "metrics": {
    "episodes_processed": 0,
    "experiences_processed": 7139228,
    "average_episode_reward": 0,
    "average_value_loss": 209.52386
  }
}