{
  "config": {
    "learning_rate": 0.0003,
    "discount_factor": 0.98,
    "exploration_rate": 0.12,
    "batch_size": 128,
    "hidden_layer_size": 384,
    "action_space_size": 12,
    "state_space_size": 42
  },
  "q_values": [
    [
      -0.71024466,
      3.0390646,
      -0.018480195,
      -0.012232621,
      6.025302,
      9.493626,
      -1.4437,
      6.8328695,
      3.7687712,
      8.23833,
      0.30937585,
      7.0453305,
      3.7649157,
      6.9845996,
      2.1101239,
      7.1247654,
      3.7611303,
      5.732125,
      3.8387833,
      7.0024147,
      3.7572994,
      0,
      0,
      6.005413,
      0,
      4.4045525,
      -3.2461812,
      7.990156,
      -4.386187,
      0,
      -0.0039532925,
      -0.00095047447,
      0.07646451,
      2.2478912,
      6.001761,
      5.6181173,
      5.998505,
      -0.52186704,
      6.474521E-06,
      9.285956,
      5.9937296,
      5.9918933
    ],
    [
      2.3742197,
      2.4580019,
      -0.008963883,
      -0.005797066,
      4.8907905,
      0,
      0,
      4.889351,
      0,
      0,
      0,
      4.8878694,
      0,
      0,
      0,
      4.886396,
      0,
      0,
      0,
      4.884955,
      0,
      0,
      0,
      4.8835015,
      0,
      0,
      4.881977,
      0,
      0,
      0,
      0.008549144,
      0.008186056,
      0.15592092,
      4.8805475,
      4.879039,
      3.2558174,
      4.8769336,
      4.8754754,
      -2.864411E-06,
      0,
      4.8740506,
      4.8725514
    ],
    [
      2.37232,
      2.4834979,
      -0.062861934,
      0.02970212,
      4.887644,
      0,
      0,
      4.8861694,
      0,
      0,
      0,
      4.8846846,
      0,
      0,
      0,
      4.8832417,
      0,
      0,
      0,
      4.8817773,
      0,
      0,
      0,
      4.8802986,
      0,
      0,
      4.8788605,
      0,
      0,
      0,
      0.00087331136,
      0.00607071,
      0.15835284,
      4.8773904,
      4.875925,
      3.2523699,
      4.8737946,
      4.8723226,
      -4.6155455E-06,
      0,
      4.870849,
      4.8693953
    ],
    [
      2.3939722,
      2.4839375,
      -0.0030918845,
      -0.019485805,
      4.888391,
      0,
      0,
      4.8869567,
      0,
      0,
      0,
      4.8855057,
      0,
      0,
      0,
      4.8840055,
      0,
      0,
      0,
      4.882542,
      0,
      0,
      0,
      4.8810806,
      0,
      0,
      4.8796544,
      0,
      0,
      0,
      0.005393557,
      0.015478597,
      0.16083258,
      4.878182,
      4.876712,
      3.250643,
      4.874567,
      4.873097,
      6.348131E-10,
      0,
      4.87167,
      4.870198
    ],
    [
      2.3776326,
      2.45914,
      -0.0032416722,
      0.017540295,
      4.889338,
      0,
      0,
      4.887895,
      0,
      0,
      0,
      4.886432,
      0,
      0,
      0,
      4.8849764,
      0,
      0,
      0,
      4.8835006,
      0,
      0,
      0,
      4.881982,
      0,
      0,
      4.8805547,
      0,
      0,
      0,
      0.004590307,
      0.0019485741,
      0.15884511,
      4.879084,
      4.8776345,
      3.254346,
      4.875512,
      4.87403,
      2.2989605E-06,
      0,
      4.8725996,
      4.871128
    ],
    [
      2.3773859,
      2.4570928,
      -0.0063324394,
      0.044070244,
      4.889492,
      0,
      0,
      4.888023,
      0,
      0,
      0,
      4.8865547,
      0,
      0,
      0,
      4.885088,
      0,
      0,
      0,
      4.883631,
      0,
      0,
      0,
      4.882179,
      0,
      0,
      4.8806973,
      0,
      0,
      0,
      0.00792088,
      0.0057369964,
      0.15762602,
      4.879264,
      4.877795,
      3.2574637,
      4.8756495,
      4.8742013,
      -2.0644893E-06,
      0,
      4.872714,
      4.871251
    ],
    [
      2.3714073,
      2.4651823,
      -0.029348167,
      0.050582603,
      4.8889914,
      0,
      0,
      4.887489,
      0,
      0,
      0,
      4.8860197,
      0,
      0,
      0,
      4.884538,
      0,
      0,
      0,
      4.8830857,
      0,
      0,
      0,
      4.8816175,
      0,
      0,
      4.8802037,
      0,
      0,
      0,
      0.0012359977,
      0.011497303,
      0.1590444,
      4.878738,
      4.877265,
      3.2577512,
      4.8751163,
      4.8736067,
      6.8550744E-06,
      0,
      4.8721495,
      4.870697
    ],
    [
      2.3691194,
      2.4831345,
      -0.007520985,
      0.0012671647,
      4.888995,
      0,
      0,
      4.8875794,
      0,
      0,
      0,
      4.886075,
      0,
      0,
      0,
      4.8846354,
      0,
      0,
      0,
      4.8831697,
      0,
      0,
      0,
      4.8817043,
      0,
      0,
      4.8802357,
      0,
      0,
      0,
      0.0029589543,
      0.0093734525,
      0.15665923,
      4.8787556,
      4.877314,
      3.2530098,
      4.8751726,
      4.8736835,
      2.7681817E-06,
      0,
      4.872199,
      4.8707585
    ],
    [
      0,
      0,
      0,
      0,
      0,
      0,
      0,
      0,
      0,
      0,
      0,
      0,
      0,
      0,
      0,
      0,
      0,
      0,
      0,
      0,
      0,
      0,
      0,
      0,
      0,
      0,
      0,
      0,
      0,
      0,
      0,
      0,
      0,
      0,
      0,
      0,
      0,
      0,
      0,
      0,
      0,
      0
    ],
    [
      1.5361745,
      2.6411226,
      -0.022714201,
      0.0321424,
      4.751326,
      0,
      0,
      4.749691,
      0,
      0,
      0,
      4.7483625,
      0,
      0,
      0,
      4.746822,
      0,
      0,
      0,
      4.745525,
      0,
      0,
      0,
      4.7441497,
      0,
      0,
      4.7427044,
      0,
      0,
      0,
      0.0053044003,
      0.009664258,
      -0.07594691,
      4.7416515,
      4.7401,
      5.5964565,
      4.7368026,
      4.7355638,
      6.712444E-05,
      0,
      4.7343326,
      4.7327385
    ],
    [
      1.5385522,
      2.641126,
      -0.021129677,
      0.029141374,
      4.7521787,
      0,
      0,
      4.75076,
      0,
      0,
      0,
      4.749327,
      0,
      0,
      0,
      4.7479153,
      0,
      0,
      0,
      4.746517,
      0,
      0,
      0,
      4.7450924,
      0,
      0,
      4.743702,
      0,
      0,
      0,
      0.0041694045,
      0.008468995,
      -0.079739444,
      4.7422614,
      4.7410674,
      5.59237,
      4.738354,
      4.736991,
      5.50936E-05,
      0,
      4.735425,
      4.7340326
    ],
    [
      1.538237,
      2.6459765,
      -0.0194461,
      0.030507727,
      4.751992,
      0,
      0,
      4.7505083,
      0,
      0,
      0,
      4.7490788,
      0,
      0,
      0,
      4.747546,
      0,
      0,
      0,
      4.7462363,
      0,
      0,
      0,
      4.744902,
      0,
      0,
      4.743463,
      0,
      0,
      0,
      0.007107781,
      0.009315421,
      -0.07975578,
      4.742015,
      4.741042,
      5.592028,
      4.7382693,
      4.736885,
      6.123775E-05,
      0,
      4.7353396,
      4.733915
    ]
  ],
  "export_date": "2025-11-20T06:38:01.6108810Z",
  "metrics": {
    "episodes_processed": 338534,
    "experiences_processed": 15682682,
    "average_episode_reward": 31.512178,
    "average_value_loss": 0.01086891,
    "performance_score": 31.512178
  }
}