{
  "config": {
    "learning_rate": 0.001,
    "discount_factor": 0.98,
    "exploration_rate": 0.2,
    "batch_size": 128,
    "hidden_layer_size": 384,
    "action_space_size": 10,
    "state_space_size": 14
  },
  "q_values": [
    [
      36.45791,
      35.143612,
      -4.119174,
      -2.6498752,
      -97.30913,
      -30.85921,
      -4.059278,
      -0.8568504,
      -2.7141423,
      -21.719114,
      5.3660145,
      5.3378353,
      7.9874864,
      0.004365885
    ],
    [
      4.17128,
      2.3568544,
      -6.5028934,
      0.2335659,
      -3.758141,
      -6.3207927,
      -14.466684,
      -7.9957547,
      -15.973131,
      -8.267965,
      2.9309208,
      3.1538165,
      5.3086553,
      0.5779431
    ],
    [
      -0.0020593547,
      0.046519868,
      -0.124221146,
      -0.18718828,
      -0.13574634,
      -1.3844721,
      -0.23361622,
      -0.24882133,
      -0.3494778,
      0.036106575,
      -0.16593218,
      -0.16519825,
      -0.2469999,
      -0.0003982729
    ],
    [
      -0.054985035,
      -0.004802355,
      -0.027554272,
      -0.09749709,
      -0.059724268,
      -0.14048776,
      -0.2798704,
      -0.27878445,
      -0.41654795,
      -0.00039869253,
      -0.27515265,
      -0.27398595,
      -0.40951964,
      -0.00039826473
    ],
    [
      6.0271797,
      5.8870935,
      -11.538382,
      -7.5984707,
      -16.666395,
      -44.393032,
      3.2167265,
      3.2511756,
      4.827542,
      -0.2631432,
      2.7240334,
      2.7130375,
      4.053288,
      -0.00039826334
    ],
    [
      -0.040216327,
      0.039242018,
      -0.047845755,
      -0.26541194,
      -0.1072409,
      -0.4989086,
      -0.2570261,
      -0.25606823,
      -0.38256067,
      -0.0003986816,
      -0.25270414,
      -0.25162694,
      -0.37612042,
      -0.00039825315
    ],
    [
      0.086820774,
      0.052160777,
      -0.1131417,
      -0.16219766,
      -0.05412346,
      -0.3069499,
      -0.18612888,
      -0.16874757,
      -0.20136295,
      0.14229324,
      -0.18385386,
      -0.1677259,
      -0.19503136,
      0.04521198
    ],
    [
      -0.052756507,
      -0.012536684,
      -0.040001363,
      -0.0644349,
      -0.050363664,
      -0.15811728,
      -0.27912888,
      -0.27808648,
      -0.4154577,
      -0.00039868185,
      -0.27443653,
      -0.27327242,
      -0.40845838,
      -0.00039825332
    ],
    [
      -0.049725525,
      -0.0050186836,
      -0.040373363,
      -0.038685914,
      -0.05084693,
      -0.18822266,
      -0.27774706,
      -0.2766691,
      -0.4133889,
      -0.00039870868,
      -0.27306652,
      -0.2719075,
      -0.4064182,
      -0.00039828065
    ],
    [
      102.79838,
      83.56757,
      11.965313,
      3.8879366,
      -216.36212,
      16.552427,
      24.177298,
      22.881454,
      -40.584614,
      -2.267315,
      32.63695,
      33.14162,
      -40.415936,
      39.554756
    ]
  ],
  "export_date": "2025-11-27T05:55:26.9880368Z",
  "metrics": {
    "episodes_processed": 0,
    "experiences_processed": 268636587,
    "average_episode_reward": 0,
    "average_value_loss": 2.9167368
  }
}