{
  "config": {
    "learning_rate": 0.001,
    "discount_factor": 0.98,
    "exploration_rate": 0.2,
    "batch_size": 128,
    "hidden_layer_size": 384,
    "action_space_size": 9,
    "state_space_size": 21
  },
  "q_values": [
    [
      -0.615866,
      -1.4203253,
      -1.1076949,
      -1.2969998,
      0.0039994395,
      -1.415379,
      -1.2916465,
      0,
      -1.7365297,
      -1.0364404,
      0,
      -3.102395,
      -2.8176317,
      0,
      -3.558764,
      -3.3745089,
      0,
      -0.6150887,
      -7.4075913,
      -1.4175668,
      -6.597855
    ],
    [
      11.845712,
      53.918713,
      -0.12152673,
      36.716118,
      -1.9050019,
      9.76679,
      54.96924,
      0,
      -1.0559071,
      -48.924877,
      0,
      -29.71675,
      -40.9098,
      0,
      -27.315754,
      -34.49645,
      0,
      11.9019,
      146.31902,
      53.892784,
      104.29719
    ],
    [
      -9.05524,
      1.4174675,
      -7.9645653,
      -0.0047049867,
      0.00408125,
      -4.125491,
      -2.8412538,
      0,
      2.6491835,
      3.5706408,
      0,
      -1.7341938,
      -2.6892629,
      0,
      3.7417676,
      3.9627821,
      0,
      -9.039575,
      15.571552,
      1.4152149,
      5.099202
    ],
    [
      -0.6921043,
      -1.7618203,
      -1.1578528,
      -1.3633994,
      0,
      -1.488008,
      -1.4447361,
      0,
      -1.7431935,
      -1.1102003,
      0,
      -3.1142595,
      -2.755418,
      0,
      -3.6133084,
      -3.3891854,
      0,
      -0.6912681,
      -7.451806,
      -1.7585646,
      -6.377168
    ],
    [
      6.991802,
      0.7651897,
      -6.6934414,
      37.092373,
      -2.1004744,
      -11.710399,
      -12.293871,
      0.00033441163,
      17.493275,
      114.2729,
      0,
      -31.067371,
      -43.49307,
      0,
      -28.531096,
      -33.590645,
      0,
      7.0442076,
      124.7485,
      0.9778348,
      130.82228
    ],
    [
      -0.53023326,
      -1.6885221,
      -1.0988642,
      -1.3912128,
      0,
      -1.4381825,
      -1.4211915,
      0,
      -1.7335727,
      -1.1584268,
      0,
      -3.1967905,
      -2.7862096,
      0,
      -3.6311548,
      -3.33697,
      0,
      -0.52946746,
      -7.54708,
      -1.685364,
      -6.3836684
    ],
    [
      33.54208,
      50.77983,
      -13.640168,
      35.56305,
      -2.0348282,
      -3.3845863,
      81.51791,
      0.0006692505,
      -18.385624,
      -50.209534,
      0,
      -30.152771,
      -40.465828,
      0,
      -26.556044,
      -34.43953,
      0,
      33.58635,
      131.9014,
      50.760113,
      114.75304
    ],
    [
      -0.4966273,
      -1.4147986,
      -1.1096877,
      -1.2795662,
      0,
      -1.4394528,
      -1.4384038,
      0,
      -1.7474304,
      -1.1768246,
      0,
      -3.0804224,
      -2.7639174,
      0,
      -3.5444307,
      -3.3315394,
      0,
      -0.49599493,
      -7.506614,
      -1.4121213,
      -6.583104
    ],
    [
      -0.6243257,
      -1.4953643,
      -1.1489141,
      -1.3134499,
      0,
      -1.4796969,
      -1.4380094,
      0,
      -1.7000829,
      -1.1844938,
      0,
      -3.0655427,
      -2.7514856,
      0,
      -3.5527635,
      -3.335659,
      0,
      -0.6235562,
      -7.4202747,
      -1.492559,
      -6.5440154
    ]
  ],
  "export_date": "2025-11-27T17:56:06.7996649Z",
  "metrics": {
    "episodes_processed": 0,
    "experiences_processed": 43946155,
    "average_episode_reward": 0,
    "average_value_loss": 40.863495
  }
}