{
  "config": {
    "learning_rate": 0.001,
    "discount_factor": 0.98,
    "exploration_rate": 0.2,
    "batch_size": 128,
    "hidden_layer_size": 384,
    "action_space_size": 9,
    "state_space_size": 21
  },
  "q_values": [
    [
      -0.6293998,
      5.293265,
      4.4848647,
      -4.685539,
      -37.08588,
      -10.68227,
      -4.4467635,
      19.533522,
      19.437113,
      5.480352,
      -16.285492,
      -2.8673806,
      4.6251545,
      7.73122,
      0.38116154,
      -7.5640974,
      -4.8662376,
      -12.0630865,
      60.271732,
      -42.324284,
      -28.297987
    ],
    [
      -1.4686538,
      7.9629383,
      -4.889598,
      -21.492304,
      -59.6552,
      -8.322435,
      37.69332,
      9.316627,
      -11.101921,
      -46.152176,
      -22.826838,
      10.523694,
      7.770663,
      -2.0799608,
      -18.52431,
      -26.953135,
      3.8136616,
      -31.270758,
      92.174416,
      6.8456683,
      -35.965206
    ],
    [
      -6.4298677,
      1.6673928,
      56.337357,
      15.309787,
      -20.666662,
      -18.10964,
      1.0062789,
      74.98917,
      9.554023,
      -15.918367,
      -18.8139,
      5.7450795,
      23.921959,
      9.0693245,
      2.464085,
      -5.053876,
      -0.3165457,
      -122.569,
      36.880024,
      -55.991756,
      33.956997
    ],
    [
      -2.6646817,
      -6.537866,
      6.0703664,
      37.36212,
      -72.42851,
      0.054335877,
      -1.5038375,
      23.58223,
      32.122337,
      -39.927547,
      -14.149309,
      2.1090453,
      4.9857516,
      1.8532604,
      -27.207928,
      -17.474703,
      3.3508568,
      -53.27501,
      -64.5677,
      -48.363148,
      29.136194
    ],
    [
      -4.2924204,
      -5.851471,
      3.1481776,
      20.747799,
      -35.33334,
      -17.480038,
      2.6173909,
      17.507706,
      21.576246,
      2.3704138,
      -10.423805,
      1.2991775,
      4.6037703,
      -0.09595286,
      -9.935484,
      -9.1888275,
      4.7834845,
      -81.48118,
      -49.167824,
      -55.730404,
      46.318077
    ],
    [
      -2.2029753,
      -2.6168633,
      33.3869,
      57.790195,
      -115.76531,
      38.890335,
      -49.97233,
      -0.865215,
      61.29326,
      -55.37172,
      31.493711,
      -38.995144,
      -25.764824,
      31.483805,
      -12.6529455,
      24.60255,
      -29.03857,
      -28.819595,
      -14.906031,
      -102.14797,
      80.004135
    ],
    [
      2.4233906,
      2.0556228,
      -1.5650669,
      -1.6408528,
      -3.859604,
      6.218671,
      2.820013,
      8.738834,
      8.646963,
      17.181293,
      4.0851383,
      1.0662408,
      7.0416017,
      6.441325,
      12.102452,
      -1.2768427,
      -0.29518744,
      45.793144,
      21.608833,
      -63.1044,
      -6.2655687
    ],
    [
      -0.08642722,
      10.685451,
      17.588486,
      -9.841468,
      -101.42435,
      20.000067,
      22.39606,
      5.347711,
      23.95438,
      -7.6793027,
      16.211956,
      22.195635,
      -2.7984629,
      19.559036,
      12.297946,
      12.423244,
      19.342388,
      10.486934,
      133.03453,
      -84.178116,
      25.477768
    ],
    [
      -3.9549472,
      12.447278,
      56.3731,
      -24.555506,
      -607.68695,
      -0.9834493,
      2.9670558,
      78.11805,
      58.10377,
      -74.75837,
      7.0103893,
      15.148361,
      15.172685,
      57.183083,
      -50.402824,
      0.616607,
      -0.2831885,
      -104.71567,
      188.4025,
      -97.84802,
      168.51175
    ]
  ],
  "export_date": "2025-11-27T05:55:26.9851708Z",
  "metrics": {
    "episodes_processed": 0,
    "experiences_processed": 105088357,
    "average_episode_reward": 0,
    "average_value_loss": 547.41974
  }
}